outcome,tract,metric,node,t,p,hemisphere,N,covariates,extent_threshold,cluster_p,passed
SOCIAL_FABias,l_vta_l_hipp,FA,0,-0.4262,0.67201,L,52,"ICV, Mean_tckstats, Count_tckstats, absolute_motion, maternal_age",22,0.0264,1
SOCIAL_FABias,l_vta_l_hipp,FA,1,-0.2316,0.8179,L,52,"ICV, Mean_tckstats, Count_tckstats, absolute_motion, maternal_age",22,0.0264,1
SOCIAL_FABias,l_vta_l_hipp,FA,2,-0.0582,0.95389,L,52,"ICV, Mean_tckstats, Count_tckstats, absolute_motion, maternal_age",22,0.0264,1
SOCIAL_FABias,l_vta_l_hipp,FA,3,0.1059,0.91616,L,52,"ICV, Mean_tckstats, Count_tckstats, absolute_motion, maternal_age",22,0.0264,1
SOCIAL_FABias,l_vta_l_hipp,FA,4,0.2796,0.78109,L,52,"ICV, Mean_tckstats, Count_tckstats, absolute_motion, maternal_age",22,0.0264,1
SOCIAL_FABias,l_vta_l_hipp,FA,5,0.4274,0.67116,L,52,"ICV, Mean_tckstats, Count_tckstats, absolute_motion, maternal_age",22,0.0264,1
SOCIAL_FABias,l_vta_l_hipp,FA,6,0.5697,0.57174,L,52,"ICV, Mean_tckstats, Count_tckstats, absolute_motion, maternal_age",22,0.0264,1
SOCIAL_FABias,l_vta_l_hipp,FA,7,0.6708,0.50578,L,52,"ICV, Mean_tckstats, Count_tckstats, absolute_motion, maternal_age",22,0.0264,1
SOCIAL_FABias,l_vta_l_hipp,FA,8,0.8091,0.42272,L,52,"ICV, Mean_tckstats, Count_tckstats, absolute_motion, maternal_age",22,0.0264,1
SOCIAL_FABias,l_vta_l_hipp,FA,9,0.9387,0.35288,L,52,"ICV, Mean_tckstats, Count_tckstats, absolute_motion, maternal_age",22,0.0264,1
SOCIAL_FABias,l_vta_l_hipp,FA,10,1.0482,0.30012,L,52,"ICV, Mean_tckstats, Count_tckstats, absolute_motion, maternal_age",22,0.0264,1
SOCIAL_FABias,l_vta_l_hipp,FA,11,1.1351,0.26234,L,52,"ICV, Mean_tckstats, Count_tckstats, absolute_motion, maternal_age",22,0.0264,1
SOCIAL_FABias,l_vta_l_hipp,FA,12,1.2106,0.23235,L,52,"ICV, Mean_tckstats, Count_tckstats, absolute_motion, maternal_age",22,0.0264,1
SOCIAL_FABias,l_vta_l_hipp,FA,13,1.2475,0.21866,L,52,"ICV, Mean_tckstats, Count_tckstats, absolute_motion, maternal_age",22,0.0264,1
SOCIAL_FABias,l_vta_l_hipp,FA,14,1.2629,0.21312,L,52,"ICV, Mean_tckstats, Count_tckstats, absolute_motion, maternal_age",22,0.0264,1
SOCIAL_FABias,l_vta_l_hipp,FA,15,1.2286,0.2256,L,52,"ICV, Mean_tckstats, Count_tckstats, absolute_motion, maternal_age",22,0.0264,1
SOCIAL_FABias,l_vta_l_hipp,FA,16,1.1557,0.25391,L,52,"ICV, Mean_tckstats, Count_tckstats, absolute_motion, maternal_age",22,0.0264,1
SOCIAL_FABias,l_vta_l_hipp,FA,17,1.0672,0.29159,L,52,"ICV, Mean_tckstats, Count_tckstats, absolute_motion, maternal_age",22,0.0264,1
SOCIAL_FABias,l_vta_l_hipp,FA,18,0.9503,0.34703,L,52,"ICV, Mean_tckstats, Count_tckstats, absolute_motion, maternal_age",22,0.0264,1
SOCIAL_FABias,l_vta_l_hipp,FA,19,0.8392,0.40582,L,52,"ICV, Mean_tckstats, Count_tckstats, absolute_motion, maternal_age",22,0.0264,1
SOCIAL_FABias,l_vta_l_hipp,FA,20,0.7367,0.46513,L,52,"ICV, Mean_tckstats, Count_tckstats, absolute_motion, maternal_age",22,0.0264,1
SOCIAL_FABias,l_vta_l_hipp,FA,21,0.636,0.52798,L,52,"ICV, Mean_tckstats, Count_tckstats, absolute_motion, maternal_age",22,0.0264,1
SOCIAL_FABias,l_vta_l_hipp,FA,22,0.5316,0.59759,L,52,"ICV, Mean_tckstats, Count_tckstats, absolute_motion, maternal_age",22,0.0264,1
SOCIAL_FABias,l_vta_l_hipp,FA,23,0.4344,0.6661,L,52,"ICV, Mean_tckstats, Count_tckstats, absolute_motion, maternal_age",22,0.0264,1
SOCIAL_FABias,l_vta_l_hipp,FA,24,0.3621,0.71897,L,52,"ICV, Mean_tckstats, Count_tckstats, absolute_motion, maternal_age",22,0.0264,1
SOCIAL_FABias,l_vta_l_hipp,FA,25,0.3027,0.76352,L,52,"ICV, Mean_tckstats, Count_tckstats, absolute_motion, maternal_age",22,0.0264,1
SOCIAL_FABias,l_vta_l_hipp,FA,26,0.2276,0.82101,L,52,"ICV, Mean_tckstats, Count_tckstats, absolute_motion, maternal_age",22,0.0264,1
SOCIAL_FABias,l_vta_l_hipp,FA,27,0.2612,0.79512,L,52,"ICV, Mean_tckstats, Count_tckstats, absolute_motion, maternal_age",22,0.0264,1
SOCIAL_FABias,l_vta_l_hipp,FA,28,0.2761,0.78371,L,52,"ICV, Mean_tckstats, Count_tckstats, absolute_motion, maternal_age",22,0.0264,1
SOCIAL_FABias,l_vta_l_hipp,FA,29,0.3046,0.76209,L,52,"ICV, Mean_tckstats, Count_tckstats, absolute_motion, maternal_age",22,0.0264,1
SOCIAL_FABias,l_vta_l_hipp,FA,30,0.329,0.74371,L,52,"ICV, Mean_tckstats, Count_tckstats, absolute_motion, maternal_age",22,0.0264,1
SOCIAL_FABias,l_vta_l_hipp,FA,31,0.3366,0.73795,L,52,"ICV, Mean_tckstats, Count_tckstats, absolute_motion, maternal_age",22,0.0264,1
SOCIAL_FABias,l_vta_l_hipp,FA,32,0.3198,0.75064,L,52,"ICV, Mean_tckstats, Count_tckstats, absolute_motion, maternal_age",22,0.0264,1
SOCIAL_FABias,l_vta_l_hipp,FA,33,0.2743,0.78509,L,52,"ICV, Mean_tckstats, Count_tckstats, absolute_motion, maternal_age",22,0.0264,1
SOCIAL_FABias,l_vta_l_hipp,FA,34,0.2546,0.80019,L,52,"ICV, Mean_tckstats, Count_tckstats, absolute_motion, maternal_age",22,0.0264,1
SOCIAL_FABias,l_vta_l_hipp,FA,35,0.2015,0.84119,L,52,"ICV, Mean_tckstats, Count_tckstats, absolute_motion, maternal_age",22,0.0264,1
SOCIAL_FABias,l_vta_l_hipp,FA,36,0.0988,0.92175,L,52,"ICV, Mean_tckstats, Count_tckstats, absolute_motion, maternal_age",22,0.0264,1
SOCIAL_FABias,l_vta_l_hipp,FA,37,-0.0249,0.98024,L,52,"ICV, Mean_tckstats, Count_tckstats, absolute_motion, maternal_age",22,0.0264,1
SOCIAL_FABias,l_vta_l_hipp,FA,38,-0.1391,0.89002,L,52,"ICV, Mean_tckstats, Count_tckstats, absolute_motion, maternal_age",22,0.0264,1
SOCIAL_FABias,l_vta_l_hipp,FA,39,-0.2715,0.78724,L,52,"ICV, Mean_tckstats, Count_tckstats, absolute_motion, maternal_age",22,0.0264,1
SOCIAL_FABias,l_vta_l_hipp,FA,40,-0.4498,0.65498,L,52,"ICV, Mean_tckstats, Count_tckstats, absolute_motion, maternal_age",22,0.0264,1
SOCIAL_FABias,l_vta_l_hipp,FA,41,-0.6777,0.50141,L,52,"ICV, Mean_tckstats, Count_tckstats, absolute_motion, maternal_age",22,0.0264,1
SOCIAL_FABias,l_vta_l_hipp,FA,42,-0.9866,0.32913,L,52,"ICV, Mean_tckstats, Count_tckstats, absolute_motion, maternal_age",22,0.0264,1
SOCIAL_FABias,l_vta_l_hipp,FA,43,-1.288,0.20433,L,52,"ICV, Mean_tckstats, Count_tckstats, absolute_motion, maternal_age",22,0.0264,1
SOCIAL_FABias,l_vta_l_hipp,FA,44,-1.5974,0.11717,L,52,"ICV, Mean_tckstats, Count_tckstats, absolute_motion, maternal_age",22,0.0264,1
SOCIAL_FABias,l_vta_l_hipp,FA,45,-1.9183,0.06143,L,52,"ICV, Mean_tckstats, Count_tckstats, absolute_motion, maternal_age",22,0.0264,1
SOCIAL_FABias,l_vta_l_hipp,FA,46,-2.1725,0.03513,L,52,"ICV, Mean_tckstats, Count_tckstats, absolute_motion, maternal_age",22,0.0264,1
SOCIAL_FABias,l_vta_l_hipp,FA,47,-2.4251,0.01938,L,52,"ICV, Mean_tckstats, Count_tckstats, absolute_motion, maternal_age",22,0.0264,1
SOCIAL_FABias,l_vta_l_hipp,FA,48,-2.6446,0.01122,L,52,"ICV, Mean_tckstats, Count_tckstats, absolute_motion, maternal_age",22,0.0264,1
SOCIAL_FABias,l_vta_l_hipp,FA,49,-2.8427,0.0067,L,52,"ICV, Mean_tckstats, Count_tckstats, absolute_motion, maternal_age",22,0.0264,1
SOCIAL_FABias,l_vta_l_hipp,FA,50,-3.0354,0.00398,L,52,"ICV, Mean_tckstats, Count_tckstats, absolute_motion, maternal_age",22,0.0264,1
SOCIAL_FABias,l_vta_l_hipp,FA,51,-3.2612,0.00212,L,52,"ICV, Mean_tckstats, Count_tckstats, absolute_motion, maternal_age",22,0.0264,1
SOCIAL_FABias,l_vta_l_hipp,FA,52,-3.456,0.00121,L,52,"ICV, Mean_tckstats, Count_tckstats, absolute_motion, maternal_age",22,0.0264,1
SOCIAL_FABias,l_vta_l_hipp,FA,53,-3.6537,0.00067,L,52,"ICV, Mean_tckstats, Count_tckstats, absolute_motion, maternal_age",22,0.0264,1
SOCIAL_FABias,l_vta_l_hipp,FA,54,-3.8508,0.00037,L,52,"ICV, Mean_tckstats, Count_tckstats, absolute_motion, maternal_age",22,0.0264,1
SOCIAL_FABias,l_vta_l_hipp,FA,55,-4.0256,0.00022,L,52,"ICV, Mean_tckstats, Count_tckstats, absolute_motion, maternal_age",22,0.0264,1
SOCIAL_FABias,l_vta_l_hipp,FA,56,-4.1924,0.00013,L,52,"ICV, Mean_tckstats, Count_tckstats, absolute_motion, maternal_age",22,0.0264,1
SOCIAL_FABias,l_vta_l_hipp,FA,57,-4.3216,8e-05,L,52,"ICV, Mean_tckstats, Count_tckstats, absolute_motion, maternal_age",22,0.0264,1
SOCIAL_FABias,l_vta_l_hipp,FA,58,-4.4173,6e-05,L,52,"ICV, Mean_tckstats, Count_tckstats, absolute_motion, maternal_age",22,0.0264,1
SOCIAL_FABias,l_vta_l_hipp,FA,59,-4.4627,5e-05,L,52,"ICV, Mean_tckstats, Count_tckstats, absolute_motion, maternal_age",22,0.0264,1
SOCIAL_FABias,l_vta_l_hipp,FA,60,-4.4188,6e-05,L,52,"ICV, Mean_tckstats, Count_tckstats, absolute_motion, maternal_age",22,0.0264,1
SOCIAL_FABias,l_vta_l_hipp,FA,61,-4.3531,8e-05,L,52,"ICV, Mean_tckstats, Count_tckstats, absolute_motion, maternal_age",22,0.0264,1
SOCIAL_FABias,l_vta_l_hipp,FA,62,-4.2605,0.0001,L,52,"ICV, Mean_tckstats, Count_tckstats, absolute_motion, maternal_age",22,0.0264,1
SOCIAL_FABias,l_vta_l_hipp,FA,63,-4.1529,0.00014,L,52,"ICV, Mean_tckstats, Count_tckstats, absolute_motion, maternal_age",22,0.0264,1
SOCIAL_FABias,l_vta_l_hipp,FA,64,-4.0073,0.00023,L,52,"ICV, Mean_tckstats, Count_tckstats, absolute_motion, maternal_age",22,0.0264,1
SOCIAL_FABias,l_vta_l_hipp,FA,65,-3.849,0.00037,L,52,"ICV, Mean_tckstats, Count_tckstats, absolute_motion, maternal_age",22,0.0264,1
SOCIAL_FABias,l_vta_l_hipp,FA,66,-3.6877,0.00061,L,52,"ICV, Mean_tckstats, Count_tckstats, absolute_motion, maternal_age",22,0.0264,1
SOCIAL_FABias,l_vta_l_hipp,FA,67,-3.5478,0.00092,L,52,"ICV, Mean_tckstats, Count_tckstats, absolute_motion, maternal_age",22,0.0264,1
SOCIAL_FABias,l_vta_l_hipp,FA,68,-3.4214,0.00134,L,52,"ICV, Mean_tckstats, Count_tckstats, absolute_motion, maternal_age",22,0.0264,1
SOCIAL_FABias,l_vta_l_hipp,FA,69,-3.2875,0.00197,L,52,"ICV, Mean_tckstats, Count_tckstats, absolute_motion, maternal_age",22,0.0264,1
SOCIAL_FABias,l_vta_l_hipp,FA,70,-3.095,0.00338,L,52,"ICV, Mean_tckstats, Count_tckstats, absolute_motion, maternal_age",22,0.0264,1
SOCIAL_FABias,l_vta_l_hipp,FA,71,-2.8432,0.00669,L,52,"ICV, Mean_tckstats, Count_tckstats, absolute_motion, maternal_age",22,0.0264,1
SOCIAL_FABias,l_vta_l_hipp,FA,72,-2.5896,0.0129,L,52,"ICV, Mean_tckstats, Count_tckstats, absolute_motion, maternal_age",22,0.0264,1
SOCIAL_FABias,l_vta_l_hipp,FA,73,-2.3409,0.02373,L,52,"ICV, Mean_tckstats, Count_tckstats, absolute_motion, maternal_age",22,0.0264,1
SOCIAL_FABias,l_vta_l_hipp,FA,74,-2.0909,0.04222,L,52,"ICV, Mean_tckstats, Count_tckstats, absolute_motion, maternal_age",22,0.0264,1
SOCIAL_FABias,l_vta_l_hipp,FA,75,-1.8704,0.06794,L,52,"ICV, Mean_tckstats, Count_tckstats, absolute_motion, maternal_age",22,0.0264,1
SOCIAL_FABias,l_vta_l_hipp,FA,76,-1.6486,0.1062,L,52,"ICV, Mean_tckstats, Count_tckstats, absolute_motion, maternal_age",22,0.0264,1
SOCIAL_FABias,l_vta_l_hipp,FA,77,-1.4262,0.16072,L,52,"ICV, Mean_tckstats, Count_tckstats, absolute_motion, maternal_age",22,0.0264,1
SOCIAL_FABias,l_vta_l_hipp,FA,78,-1.2116,0.23198,L,52,"ICV, Mean_tckstats, Count_tckstats, absolute_motion, maternal_age",22,0.0264,1
SOCIAL_FABias,l_vta_l_hipp,FA,79,-1.0195,0.31343,L,52,"ICV, Mean_tckstats, Count_tckstats, absolute_motion, maternal_age",22,0.0264,1
SOCIAL_FABias,l_vta_l_hipp,FA,80,-0.8665,0.39082,L,52,"ICV, Mean_tckstats, Count_tckstats, absolute_motion, maternal_age",22,0.0264,1
SOCIAL_FABias,l_vta_l_hipp,FA,81,-0.7395,0.46347,L,52,"ICV, Mean_tckstats, Count_tckstats, absolute_motion, maternal_age",22,0.0264,1
SOCIAL_FABias,l_vta_l_hipp,FA,82,-0.6264,0.53422,L,52,"ICV, Mean_tckstats, Count_tckstats, absolute_motion, maternal_age",22,0.0264,1
SOCIAL_FABias,l_vta_l_hipp,FA,83,-0.513,0.61046,L,52,"ICV, Mean_tckstats, Count_tckstats, absolute_motion, maternal_age",22,0.0264,1
SOCIAL_FABias,l_vta_l_hipp,FA,84,-0.4422,0.66046,L,52,"ICV, Mean_tckstats, Count_tckstats, absolute_motion, maternal_age",22,0.0264,1
SOCIAL_FABias,l_vta_l_hipp,FA,85,-0.397,0.69325,L,52,"ICV, Mean_tckstats, Count_tckstats, absolute_motion, maternal_age",22,0.0264,1
SOCIAL_FABias,l_vta_l_hipp,FA,86,-0.388,0.69988,L,52,"ICV, Mean_tckstats, Count_tckstats, absolute_motion, maternal_age",22,0.0264,1
SOCIAL_FABias,l_vta_l_hipp,FA,87,-0.3827,0.70378,L,52,"ICV, Mean_tckstats, Count_tckstats, absolute_motion, maternal_age",22,0.0264,1
SOCIAL_FABias,l_vta_l_hipp,FA,88,-0.3775,0.70754,L,52,"ICV, Mean_tckstats, Count_tckstats, absolute_motion, maternal_age",22,0.0264,1
SOCIAL_FABias,l_vta_l_hipp,FA,89,-0.3855,0.70165,L,52,"ICV, Mean_tckstats, Count_tckstats, absolute_motion, maternal_age",22,0.0264,1
SOCIAL_FABias,l_vta_l_hipp,FA,90,-0.3803,0.70551,L,52,"ICV, Mean_tckstats, Count_tckstats, absolute_motion, maternal_age",22,0.0264,1
SOCIAL_FABias,l_vta_l_hipp,FA,91,-0.3591,0.72123,L,52,"ICV, Mean_tckstats, Count_tckstats, absolute_motion, maternal_age",22,0.0264,1
SOCIAL_FABias,l_vta_l_hipp,FA,92,-0.3386,0.73652,L,52,"ICV, Mean_tckstats, Count_tckstats, absolute_motion, maternal_age",22,0.0264,1
SOCIAL_FABias,l_vta_l_hipp,FA,93,-0.3015,0.7644,L,52,"ICV, Mean_tckstats, Count_tckstats, absolute_motion, maternal_age",22,0.0264,1
SOCIAL_FABias,l_vta_l_hipp,FA,94,-0.2395,0.81184,L,52,"ICV, Mean_tckstats, Count_tckstats, absolute_motion, maternal_age",22,0.0264,1
SOCIAL_FABias,l_vta_l_hipp,FA,95,-0.1668,0.86828,L,52,"ICV, Mean_tckstats, Count_tckstats, absolute_motion, maternal_age",22,0.0264,1
SOCIAL_FABias,l_vta_l_hipp,FA,96,-0.1012,0.91981,L,52,"ICV, Mean_tckstats, Count_tckstats, absolute_motion, maternal_age",22,0.0264,1
SOCIAL_FABias,l_vta_l_hipp,FA,97,-0.0257,0.97961,L,52,"ICV, Mean_tckstats, Count_tckstats, absolute_motion, maternal_age",22,0.0264,1
SOCIAL_FABias,l_vta_l_hipp,FA,98,0.0744,0.94099,L,52,"ICV, Mean_tckstats, Count_tckstats, absolute_motion, maternal_age",22,0.0264,1
SOCIAL_FABias,l_vta_l_hipp,FA,99,0.1618,0.8722,L,52,"ICV, Mean_tckstats, Count_tckstats, absolute_motion, maternal_age",22,0.0264,1
SOCIAL_dprime,l_vta_l_hipp,FA,0,1.2723,0.20979,L,52,"ICV, Mean_tckstats, Count_tckstats, absolute_motion, maternal_age",23,0.3236,0
SOCIAL_dprime,l_vta_l_hipp,FA,1,1.3561,0.18183,L,52,"ICV, Mean_tckstats, Count_tckstats, absolute_motion, maternal_age",23,0.3236,0
SOCIAL_dprime,l_vta_l_hipp,FA,2,1.4388,0.15712,L,52,"ICV, Mean_tckstats, Count_tckstats, absolute_motion, maternal_age",23,0.3236,0
SOCIAL_dprime,l_vta_l_hipp,FA,3,1.5221,0.13499,L,52,"ICV, Mean_tckstats, Count_tckstats, absolute_motion, maternal_age",23,0.3236,0
SOCIAL_dprime,l_vta_l_hipp,FA,4,1.5726,0.12281,L,52,"ICV, Mean_tckstats, Count_tckstats, absolute_motion, maternal_age",23,0.3236,0
SOCIAL_dprime,l_vta_l_hipp,FA,5,1.6075,0.11494,L,52,"ICV, Mean_tckstats, Count_tckstats, absolute_motion, maternal_age",23,0.3236,0
SOCIAL_dprime,l_vta_l_hipp,FA,6,1.6209,0.11203,L,52,"ICV, Mean_tckstats, Count_tckstats, absolute_motion, maternal_age",23,0.3236,0
SOCIAL_dprime,l_vta_l_hipp,FA,7,1.6327,0.10951,L,52,"ICV, Mean_tckstats, Count_tckstats, absolute_motion, maternal_age",23,0.3236,0
SOCIAL_dprime,l_vta_l_hipp,FA,8,1.5796,0.12121,L,52,"ICV, Mean_tckstats, Count_tckstats, absolute_motion, maternal_age",23,0.3236,0
SOCIAL_dprime,l_vta_l_hipp,FA,9,1.5359,0.13157,L,52,"ICV, Mean_tckstats, Count_tckstats, absolute_motion, maternal_age",23,0.3236,0
SOCIAL_dprime,l_vta_l_hipp,FA,10,1.5212,0.1352,L,52,"ICV, Mean_tckstats, Count_tckstats, absolute_motion, maternal_age",23,0.3236,0
SOCIAL_dprime,l_vta_l_hipp,FA,11,1.501,0.14033,L,52,"ICV, Mean_tckstats, Count_tckstats, absolute_motion, maternal_age",23,0.3236,0
SOCIAL_dprime,l_vta_l_hipp,FA,12,1.4738,0.1475,L,52,"ICV, Mean_tckstats, Count_tckstats, absolute_motion, maternal_age",23,0.3236,0
SOCIAL_dprime,l_vta_l_hipp,FA,13,1.4282,0.16015,L,52,"ICV, Mean_tckstats, Count_tckstats, absolute_motion, maternal_age",23,0.3236,0
SOCIAL_dprime,l_vta_l_hipp,FA,14,1.381,0.1741,L,52,"ICV, Mean_tckstats, Count_tckstats, absolute_motion, maternal_age",23,0.3236,0
SOCIAL_dprime,l_vta_l_hipp,FA,15,1.3162,0.19478,L,52,"ICV, Mean_tckstats, Count_tckstats, absolute_motion, maternal_age",23,0.3236,0
SOCIAL_dprime,l_vta_l_hipp,FA,16,1.2646,0.21253,L,52,"ICV, Mean_tckstats, Count_tckstats, absolute_motion, maternal_age",23,0.3236,0
SOCIAL_dprime,l_vta_l_hipp,FA,17,1.2065,0.23393,L,52,"ICV, Mean_tckstats, Count_tckstats, absolute_motion, maternal_age",23,0.3236,0
SOCIAL_dprime,l_vta_l_hipp,FA,18,1.1902,0.24022,L,52,"ICV, Mean_tckstats, Count_tckstats, absolute_motion, maternal_age",23,0.3236,0
SOCIAL_dprime,l_vta_l_hipp,FA,19,1.1782,0.24489,L,52,"ICV, Mean_tckstats, Count_tckstats, absolute_motion, maternal_age",23,0.3236,0
SOCIAL_dprime,l_vta_l_hipp,FA,20,1.1745,0.24636,L,52,"ICV, Mean_tckstats, Count_tckstats, absolute_motion, maternal_age",23,0.3236,0
SOCIAL_dprime,l_vta_l_hipp,FA,21,1.1882,0.24097,L,52,"ICV, Mean_tckstats, Count_tckstats, absolute_motion, maternal_age",23,0.3236,0
SOCIAL_dprime,l_vta_l_hipp,FA,22,1.2178,0.22966,L,52,"ICV, Mean_tckstats, Count_tckstats, absolute_motion, maternal_age",23,0.3236,0
SOCIAL_dprime,l_vta_l_hipp,FA,23,1.275,0.20884,L,52,"ICV, Mean_tckstats, Count_tckstats, absolute_motion, maternal_age",23,0.3236,0
SOCIAL_dprime,l_vta_l_hipp,FA,24,1.3322,0.18952,L,52,"ICV, Mean_tckstats, Count_tckstats, absolute_motion, maternal_age",23,0.3236,0
SOCIAL_dprime,l_vta_l_hipp,FA,25,1.396,0.16956,L,52,"ICV, Mean_tckstats, Count_tckstats, absolute_motion, maternal_age",23,0.3236,0
SOCIAL_dprime,l_vta_l_hipp,FA,26,1.4517,0.15352,L,52,"ICV, Mean_tckstats, Count_tckstats, absolute_motion, maternal_age",23,0.3236,0
SOCIAL_dprime,l_vta_l_hipp,FA,27,1.55,0.12815,L,52,"ICV, Mean_tckstats, Count_tckstats, absolute_motion, maternal_age",23,0.3236,0
SOCIAL_dprime,l_vta_l_hipp,FA,28,1.6209,0.11202,L,52,"ICV, Mean_tckstats, Count_tckstats, absolute_motion, maternal_age",23,0.3236,0
SOCIAL_dprime,l_vta_l_hipp,FA,29,1.6511,0.10569,L,52,"ICV, Mean_tckstats, Count_tckstats, absolute_motion, maternal_age",23,0.3236,0
SOCIAL_dprime,l_vta_l_hipp,FA,30,1.6905,0.09784,L,52,"ICV, Mean_tckstats, Count_tckstats, absolute_motion, maternal_age",23,0.3236,0
SOCIAL_dprime,l_vta_l_hipp,FA,31,1.7117,0.09384,L,52,"ICV, Mean_tckstats, Count_tckstats, absolute_motion, maternal_age",23,0.3236,0
SOCIAL_dprime,l_vta_l_hipp,FA,32,1.7472,0.08743,L,52,"ICV, Mean_tckstats, Count_tckstats, absolute_motion, maternal_age",23,0.3236,0
SOCIAL_dprime,l_vta_l_hipp,FA,33,1.7326,0.09002,L,52,"ICV, Mean_tckstats, Count_tckstats, absolute_motion, maternal_age",23,0.3236,0
SOCIAL_dprime,l_vta_l_hipp,FA,34,1.6712,0.10162,L,52,"ICV, Mean_tckstats, Count_tckstats, absolute_motion, maternal_age",23,0.3236,0
SOCIAL_dprime,l_vta_l_hipp,FA,35,1.6282,0.11046,L,52,"ICV, Mean_tckstats, Count_tckstats, absolute_motion, maternal_age",23,0.3236,0
SOCIAL_dprime,l_vta_l_hipp,FA,36,1.5887,0.11913,L,52,"ICV, Mean_tckstats, Count_tckstats, absolute_motion, maternal_age",23,0.3236,0
SOCIAL_dprime,l_vta_l_hipp,FA,37,1.5476,0.12873,L,52,"ICV, Mean_tckstats, Count_tckstats, absolute_motion, maternal_age",23,0.3236,0
SOCIAL_dprime,l_vta_l_hipp,FA,38,1.5205,0.13538,L,52,"ICV, Mean_tckstats, Count_tckstats, absolute_motion, maternal_age",23,0.3236,0
SOCIAL_dprime,l_vta_l_hipp,FA,39,1.5063,0.13899,L,52,"ICV, Mean_tckstats, Count_tckstats, absolute_motion, maternal_age",23,0.3236,0
SOCIAL_dprime,l_vta_l_hipp,FA,40,1.5127,0.13735,L,52,"ICV, Mean_tckstats, Count_tckstats, absolute_motion, maternal_age",23,0.3236,0
SOCIAL_dprime,l_vta_l_hipp,FA,41,1.5252,0.13421,L,52,"ICV, Mean_tckstats, Count_tckstats, absolute_motion, maternal_age",23,0.3236,0
SOCIAL_dprime,l_vta_l_hipp,FA,42,1.5351,0.13175,L,52,"ICV, Mean_tckstats, Count_tckstats, absolute_motion, maternal_age",23,0.3236,0
SOCIAL_dprime,l_vta_l_hipp,FA,43,1.5527,0.1275,L,52,"ICV, Mean_tckstats, Count_tckstats, absolute_motion, maternal_age",23,0.3236,0
SOCIAL_dprime,l_vta_l_hipp,FA,44,1.6227,0.11164,L,52,"ICV, Mean_tckstats, Count_tckstats, absolute_motion, maternal_age",23,0.3236,0
SOCIAL_dprime,l_vta_l_hipp,FA,45,1.6753,0.1008,L,52,"ICV, Mean_tckstats, Count_tckstats, absolute_motion, maternal_age",23,0.3236,0
SOCIAL_dprime,l_vta_l_hipp,FA,46,1.6949,0.09701,L,52,"ICV, Mean_tckstats, Count_tckstats, absolute_motion, maternal_age",23,0.3236,0
SOCIAL_dprime,l_vta_l_hipp,FA,47,1.7077,0.09459,L,52,"ICV, Mean_tckstats, Count_tckstats, absolute_motion, maternal_age",23,0.3236,0
SOCIAL_dprime,l_vta_l_hipp,FA,48,1.6965,0.09669,L,52,"ICV, Mean_tckstats, Count_tckstats, absolute_motion, maternal_age",23,0.3236,0
SOCIAL_dprime,l_vta_l_hipp,FA,49,1.6779,0.10031,L,52,"ICV, Mean_tckstats, Count_tckstats, absolute_motion, maternal_age",23,0.3236,0
SOCIAL_dprime,l_vta_l_hipp,FA,50,1.6512,0.10566,L,52,"ICV, Mean_tckstats, Count_tckstats, absolute_motion, maternal_age",23,0.3236,0
SOCIAL_dprime,l_vta_l_hipp,FA,51,1.6303,0.11001,L,52,"ICV, Mean_tckstats, Count_tckstats, absolute_motion, maternal_age",23,0.3236,0
SOCIAL_dprime,l_vta_l_hipp,FA,52,1.5917,0.11844,L,52,"ICV, Mean_tckstats, Count_tckstats, absolute_motion, maternal_age",23,0.3236,0
SOCIAL_dprime,l_vta_l_hipp,FA,53,1.5365,0.13142,L,52,"ICV, Mean_tckstats, Count_tckstats, absolute_motion, maternal_age",23,0.3236,0
SOCIAL_dprime,l_vta_l_hipp,FA,54,1.4991,0.14082,L,52,"ICV, Mean_tckstats, Count_tckstats, absolute_motion, maternal_age",23,0.3236,0
SOCIAL_dprime,l_vta_l_hipp,FA,55,1.4607,0.15104,L,52,"ICV, Mean_tckstats, Count_tckstats, absolute_motion, maternal_age",23,0.3236,0
SOCIAL_dprime,l_vta_l_hipp,FA,56,1.4228,0.16169,L,52,"ICV, Mean_tckstats, Count_tckstats, absolute_motion, maternal_age",23,0.3236,0
SOCIAL_dprime,l_vta_l_hipp,FA,57,1.3838,0.17325,L,52,"ICV, Mean_tckstats, Count_tckstats, absolute_motion, maternal_age",23,0.3236,0
SOCIAL_dprime,l_vta_l_hipp,FA,58,1.3747,0.17603,L,52,"ICV, Mean_tckstats, Count_tckstats, absolute_motion, maternal_age",23,0.3236,0
SOCIAL_dprime,l_vta_l_hipp,FA,59,1.3797,0.17449,L,52,"ICV, Mean_tckstats, Count_tckstats, absolute_motion, maternal_age",23,0.3236,0
SOCIAL_dprime,l_vta_l_hipp,FA,60,1.4069,0.16631,L,52,"ICV, Mean_tckstats, Count_tckstats, absolute_motion, maternal_age",23,0.3236,0
SOCIAL_dprime,l_vta_l_hipp,FA,61,1.4532,0.15312,L,52,"ICV, Mean_tckstats, Count_tckstats, absolute_motion, maternal_age",23,0.3236,0
SOCIAL_dprime,l_vta_l_hipp,FA,62,1.495,0.14188,L,52,"ICV, Mean_tckstats, Count_tckstats, absolute_motion, maternal_age",23,0.3236,0
SOCIAL_dprime,l_vta_l_hipp,FA,63,1.51,0.13803,L,52,"ICV, Mean_tckstats, Count_tckstats, absolute_motion, maternal_age",23,0.3236,0
SOCIAL_dprime,l_vta_l_hipp,FA,64,1.5711,0.12317,L,52,"ICV, Mean_tckstats, Count_tckstats, absolute_motion, maternal_age",23,0.3236,0
SOCIAL_dprime,l_vta_l_hipp,FA,65,1.6038,0.11574,L,52,"ICV, Mean_tckstats, Count_tckstats, absolute_motion, maternal_age",23,0.3236,0
SOCIAL_dprime,l_vta_l_hipp,FA,66,1.6458,0.10678,L,52,"ICV, Mean_tckstats, Count_tckstats, absolute_motion, maternal_age",23,0.3236,0
SOCIAL_dprime,l_vta_l_hipp,FA,67,1.6971,0.09658,L,52,"ICV, Mean_tckstats, Count_tckstats, absolute_motion, maternal_age",23,0.3236,0
SOCIAL_dprime,l_vta_l_hipp,FA,68,1.7283,0.09079,L,52,"ICV, Mean_tckstats, Count_tckstats, absolute_motion, maternal_age",23,0.3236,0
SOCIAL_dprime,l_vta_l_hipp,FA,69,1.763,0.08469,L,52,"ICV, Mean_tckstats, Count_tckstats, absolute_motion, maternal_age",23,0.3236,0
SOCIAL_dprime,l_vta_l_hipp,FA,70,1.7972,0.07902,L,52,"ICV, Mean_tckstats, Count_tckstats, absolute_motion, maternal_age",23,0.3236,0
SOCIAL_dprime,l_vta_l_hipp,FA,71,1.8349,0.07314,L,52,"ICV, Mean_tckstats, Count_tckstats, absolute_motion, maternal_age",23,0.3236,0
SOCIAL_dprime,l_vta_l_hipp,FA,72,1.8791,0.06671,L,52,"ICV, Mean_tckstats, Count_tckstats, absolute_motion, maternal_age",23,0.3236,0
SOCIAL_dprime,l_vta_l_hipp,FA,73,1.9309,0.05981,L,52,"ICV, Mean_tckstats, Count_tckstats, absolute_motion, maternal_age",23,0.3236,0
SOCIAL_dprime,l_vta_l_hipp,FA,74,1.9809,0.05374,L,52,"ICV, Mean_tckstats, Count_tckstats, absolute_motion, maternal_age",23,0.3236,0
SOCIAL_dprime,l_vta_l_hipp,FA,75,2.0338,0.04789,L,52,"ICV, Mean_tckstats, Count_tckstats, absolute_motion, maternal_age",23,0.3236,0
SOCIAL_dprime,l_vta_l_hipp,FA,76,2.0543,0.04578,L,52,"ICV, Mean_tckstats, Count_tckstats, absolute_motion, maternal_age",23,0.3236,0
SOCIAL_dprime,l_vta_l_hipp,FA,77,2.0473,0.04649,L,52,"ICV, Mean_tckstats, Count_tckstats, absolute_motion, maternal_age",23,0.3236,0
SOCIAL_dprime,l_vta_l_hipp,FA,78,2.0089,0.05057,L,52,"ICV, Mean_tckstats, Count_tckstats, absolute_motion, maternal_age",23,0.3236,0
SOCIAL_dprime,l_vta_l_hipp,FA,79,1.912,0.06226,L,52,"ICV, Mean_tckstats, Count_tckstats, absolute_motion, maternal_age",23,0.3236,0
SOCIAL_dprime,l_vta_l_hipp,FA,80,1.7903,0.08013,L,52,"ICV, Mean_tckstats, Count_tckstats, absolute_motion, maternal_age",23,0.3236,0
SOCIAL_dprime,l_vta_l_hipp,FA,81,1.6323,0.1096,L,52,"ICV, Mean_tckstats, Count_tckstats, absolute_motion, maternal_age",23,0.3236,0
SOCIAL_dprime,l_vta_l_hipp,FA,82,1.4631,0.15039,L,52,"ICV, Mean_tckstats, Count_tckstats, absolute_motion, maternal_age",23,0.3236,0
SOCIAL_dprime,l_vta_l_hipp,FA,83,1.2948,0.20199,L,52,"ICV, Mean_tckstats, Count_tckstats, absolute_motion, maternal_age",23,0.3236,0
SOCIAL_dprime,l_vta_l_hipp,FA,84,1.1318,0.26372,L,52,"ICV, Mean_tckstats, Count_tckstats, absolute_motion, maternal_age",23,0.3236,0
SOCIAL_dprime,l_vta_l_hipp,FA,85,1.0236,0.3115,L,52,"ICV, Mean_tckstats, Count_tckstats, absolute_motion, maternal_age",23,0.3236,0
SOCIAL_dprime,l_vta_l_hipp,FA,86,0.9176,0.36374,L,52,"ICV, Mean_tckstats, Count_tckstats, absolute_motion, maternal_age",23,0.3236,0
SOCIAL_dprime,l_vta_l_hipp,FA,87,0.8307,0.41055,L,52,"ICV, Mean_tckstats, Count_tckstats, absolute_motion, maternal_age",23,0.3236,0
SOCIAL_dprime,l_vta_l_hipp,FA,88,0.7624,0.44981,L,52,"ICV, Mean_tckstats, Count_tckstats, absolute_motion, maternal_age",23,0.3236,0
SOCIAL_dprime,l_vta_l_hipp,FA,89,0.6934,0.49162,L,52,"ICV, Mean_tckstats, Count_tckstats, absolute_motion, maternal_age",23,0.3236,0
SOCIAL_dprime,l_vta_l_hipp,FA,90,0.6005,0.55121,L,52,"ICV, Mean_tckstats, Count_tckstats, absolute_motion, maternal_age",23,0.3236,0
SOCIAL_dprime,l_vta_l_hipp,FA,91,0.4905,0.62614,L,52,"ICV, Mean_tckstats, Count_tckstats, absolute_motion, maternal_age",23,0.3236,0
SOCIAL_dprime,l_vta_l_hipp,FA,92,0.3746,0.70974,L,52,"ICV, Mean_tckstats, Count_tckstats, absolute_motion, maternal_age",23,0.3236,0
SOCIAL_dprime,l_vta_l_hipp,FA,93,0.2466,0.80632,L,52,"ICV, Mean_tckstats, Count_tckstats, absolute_motion, maternal_age",23,0.3236,0
SOCIAL_dprime,l_vta_l_hipp,FA,94,0.1528,0.8792,L,52,"ICV, Mean_tckstats, Count_tckstats, absolute_motion, maternal_age",23,0.3236,0
SOCIAL_dprime,l_vta_l_hipp,FA,95,0.0655,0.9481,L,52,"ICV, Mean_tckstats, Count_tckstats, absolute_motion, maternal_age",23,0.3236,0
SOCIAL_dprime,l_vta_l_hipp,FA,96,0.008,0.99362,L,52,"ICV, Mean_tckstats, Count_tckstats, absolute_motion, maternal_age",23,0.3236,0
SOCIAL_dprime,l_vta_l_hipp,FA,97,0.0127,0.98992,L,52,"ICV, Mean_tckstats, Count_tckstats, absolute_motion, maternal_age",23,0.3236,0
SOCIAL_dprime,l_vta_l_hipp,FA,98,0.0223,0.98231,L,52,"ICV, Mean_tckstats, Count_tckstats, absolute_motion, maternal_age",23,0.3236,0
SOCIAL_dprime,l_vta_l_hipp,FA,99,0.029,0.97695,L,52,"ICV, Mean_tckstats, Count_tckstats, absolute_motion, maternal_age",23,0.3236,0
SOCIAL_FABias,l_vta_l_hipp,NDI,0,-1.9875,0.05298,L,52,"ICV, Mean_tckstats, Count_tckstats, absolute_motion, maternal_age",27,0.1162,0
SOCIAL_FABias,l_vta_l_hipp,NDI,1,-1.8216,0.07516,L,52,"ICV, Mean_tckstats, Count_tckstats, absolute_motion, maternal_age",27,0.1162,0
SOCIAL_FABias,l_vta_l_hipp,NDI,2,-1.6773,0.10042,L,52,"ICV, Mean_tckstats, Count_tckstats, absolute_motion, maternal_age",27,0.1162,0
SOCIAL_FABias,l_vta_l_hipp,NDI,3,-1.5091,0.13827,L,52,"ICV, Mean_tckstats, Count_tckstats, absolute_motion, maternal_age",27,0.1162,0
SOCIAL_FABias,l_vta_l_hipp,NDI,4,-1.3381,0.18759,L,52,"ICV, Mean_tckstats, Count_tckstats, absolute_motion, maternal_age",27,0.1162,0
SOCIAL_FABias,l_vta_l_hipp,NDI,5,-1.19,0.24029,L,52,"ICV, Mean_tckstats, Count_tckstats, absolute_motion, maternal_age",27,0.1162,0
SOCIAL_FABias,l_vta_l_hipp,NDI,6,-1.0512,0.2988,L,52,"ICV, Mean_tckstats, Count_tckstats, absolute_motion, maternal_age",27,0.1162,0
SOCIAL_FABias,l_vta_l_hipp,NDI,7,-0.9095,0.36796,L,52,"ICV, Mean_tckstats, Count_tckstats, absolute_motion, maternal_age",27,0.1162,0
SOCIAL_FABias,l_vta_l_hipp,NDI,8,-0.7846,0.4368,L,52,"ICV, Mean_tckstats, Count_tckstats, absolute_motion, maternal_age",27,0.1162,0
SOCIAL_FABias,l_vta_l_hipp,NDI,9,-0.6888,0.49448,L,52,"ICV, Mean_tckstats, Count_tckstats, absolute_motion, maternal_age",27,0.1162,0
SOCIAL_FABias,l_vta_l_hipp,NDI,10,-0.6179,0.53977,L,52,"ICV, Mean_tckstats, Count_tckstats, absolute_motion, maternal_age",27,0.1162,0
SOCIAL_FABias,l_vta_l_hipp,NDI,11,-0.6034,0.54929,L,52,"ICV, Mean_tckstats, Count_tckstats, absolute_motion, maternal_age",27,0.1162,0
SOCIAL_FABias,l_vta_l_hipp,NDI,12,-0.5035,0.61708,L,52,"ICV, Mean_tckstats, Count_tckstats, absolute_motion, maternal_age",27,0.1162,0
SOCIAL_FABias,l_vta_l_hipp,NDI,13,-0.4802,0.63338,L,52,"ICV, Mean_tckstats, Count_tckstats, absolute_motion, maternal_age",27,0.1162,0
SOCIAL_FABias,l_vta_l_hipp,NDI,14,-0.4809,0.63291,L,52,"ICV, Mean_tckstats, Count_tckstats, absolute_motion, maternal_age",27,0.1162,0
SOCIAL_FABias,l_vta_l_hipp,NDI,15,-0.4973,0.6214,L,52,"ICV, Mean_tckstats, Count_tckstats, absolute_motion, maternal_age",27,0.1162,0
SOCIAL_FABias,l_vta_l_hipp,NDI,16,-0.547,0.5871,L,52,"ICV, Mean_tckstats, Count_tckstats, absolute_motion, maternal_age",27,0.1162,0
SOCIAL_FABias,l_vta_l_hipp,NDI,17,-0.5983,0.55267,L,52,"ICV, Mean_tckstats, Count_tckstats, absolute_motion, maternal_age",27,0.1162,0
SOCIAL_FABias,l_vta_l_hipp,NDI,18,-0.6812,0.49925,L,52,"ICV, Mean_tckstats, Count_tckstats, absolute_motion, maternal_age",27,0.1162,0
SOCIAL_FABias,l_vta_l_hipp,NDI,19,-0.7627,0.44964,L,52,"ICV, Mean_tckstats, Count_tckstats, absolute_motion, maternal_age",27,0.1162,0
SOCIAL_FABias,l_vta_l_hipp,NDI,20,-0.8552,0.39698,L,52,"ICV, Mean_tckstats, Count_tckstats, absolute_motion, maternal_age",27,0.1162,0
SOCIAL_FABias,l_vta_l_hipp,NDI,21,-0.9492,0.34761,L,52,"ICV, Mean_tckstats, Count_tckstats, absolute_motion, maternal_age",27,0.1162,0
SOCIAL_FABias,l_vta_l_hipp,NDI,22,-1.0361,0.30571,L,52,"ICV, Mean_tckstats, Count_tckstats, absolute_motion, maternal_age",27,0.1162,0
SOCIAL_FABias,l_vta_l_hipp,NDI,23,-1.1126,0.2718,L,52,"ICV, Mean_tckstats, Count_tckstats, absolute_motion, maternal_age",27,0.1162,0
SOCIAL_FABias,l_vta_l_hipp,NDI,24,-1.1894,0.24051,L,52,"ICV, Mean_tckstats, Count_tckstats, absolute_motion, maternal_age",27,0.1162,0
SOCIAL_FABias,l_vta_l_hipp,NDI,25,-1.2546,0.21609,L,52,"ICV, Mean_tckstats, Count_tckstats, absolute_motion, maternal_age",27,0.1162,0
SOCIAL_FABias,l_vta_l_hipp,NDI,26,-1.3127,0.19593,L,52,"ICV, Mean_tckstats, Count_tckstats, absolute_motion, maternal_age",27,0.1162,0
SOCIAL_FABias,l_vta_l_hipp,NDI,27,-1.3288,0.1906,L,52,"ICV, Mean_tckstats, Count_tckstats, absolute_motion, maternal_age",27,0.1162,0
SOCIAL_FABias,l_vta_l_hipp,NDI,28,-1.3518,0.18321,L,52,"ICV, Mean_tckstats, Count_tckstats, absolute_motion, maternal_age",27,0.1162,0
SOCIAL_FABias,l_vta_l_hipp,NDI,29,-1.364,0.17934,L,52,"ICV, Mean_tckstats, Count_tckstats, absolute_motion, maternal_age",27,0.1162,0
SOCIAL_FABias,l_vta_l_hipp,NDI,30,-1.353,0.18282,L,52,"ICV, Mean_tckstats, Count_tckstats, absolute_motion, maternal_age",27,0.1162,0
SOCIAL_FABias,l_vta_l_hipp,NDI,31,-1.3586,0.18106,L,52,"ICV, Mean_tckstats, Count_tckstats, absolute_motion, maternal_age",27,0.1162,0
SOCIAL_FABias,l_vta_l_hipp,NDI,32,-1.3627,0.17975,L,52,"ICV, Mean_tckstats, Count_tckstats, absolute_motion, maternal_age",27,0.1162,0
SOCIAL_FABias,l_vta_l_hipp,NDI,33,-1.348,0.18441,L,52,"ICV, Mean_tckstats, Count_tckstats, absolute_motion, maternal_age",27,0.1162,0
SOCIAL_FABias,l_vta_l_hipp,NDI,34,-1.3116,0.1963,L,52,"ICV, Mean_tckstats, Count_tckstats, absolute_motion, maternal_age",27,0.1162,0
SOCIAL_FABias,l_vta_l_hipp,NDI,35,-1.2831,0.20603,L,52,"ICV, Mean_tckstats, Count_tckstats, absolute_motion, maternal_age",27,0.1162,0
SOCIAL_FABias,l_vta_l_hipp,NDI,36,-1.2733,0.20945,L,52,"ICV, Mean_tckstats, Count_tckstats, absolute_motion, maternal_age",27,0.1162,0
SOCIAL_FABias,l_vta_l_hipp,NDI,37,-1.2714,0.21013,L,52,"ICV, Mean_tckstats, Count_tckstats, absolute_motion, maternal_age",27,0.1162,0
SOCIAL_FABias,l_vta_l_hipp,NDI,38,-1.2522,0.21696,L,52,"ICV, Mean_tckstats, Count_tckstats, absolute_motion, maternal_age",27,0.1162,0
SOCIAL_FABias,l_vta_l_hipp,NDI,39,-1.2406,0.22118,L,52,"ICV, Mean_tckstats, Count_tckstats, absolute_motion, maternal_age",27,0.1162,0
SOCIAL_FABias,l_vta_l_hipp,NDI,40,-1.2475,0.21867,L,52,"ICV, Mean_tckstats, Count_tckstats, absolute_motion, maternal_age",27,0.1162,0
SOCIAL_FABias,l_vta_l_hipp,NDI,41,-1.2586,0.21466,L,52,"ICV, Mean_tckstats, Count_tckstats, absolute_motion, maternal_age",27,0.1162,0
SOCIAL_FABias,l_vta_l_hipp,NDI,42,-1.2725,0.20975,L,52,"ICV, Mean_tckstats, Count_tckstats, absolute_motion, maternal_age",27,0.1162,0
SOCIAL_FABias,l_vta_l_hipp,NDI,43,-1.2975,0.20108,L,52,"ICV, Mean_tckstats, Count_tckstats, absolute_motion, maternal_age",27,0.1162,0
SOCIAL_FABias,l_vta_l_hipp,NDI,44,-1.3104,0.1967,L,52,"ICV, Mean_tckstats, Count_tckstats, absolute_motion, maternal_age",27,0.1162,0
SOCIAL_FABias,l_vta_l_hipp,NDI,45,-1.3273,0.19112,L,52,"ICV, Mean_tckstats, Count_tckstats, absolute_motion, maternal_age",27,0.1162,0
SOCIAL_FABias,l_vta_l_hipp,NDI,46,-1.3531,0.18279,L,52,"ICV, Mean_tckstats, Count_tckstats, absolute_motion, maternal_age",27,0.1162,0
SOCIAL_FABias,l_vta_l_hipp,NDI,47,-1.3769,0.17535,L,52,"ICV, Mean_tckstats, Count_tckstats, absolute_motion, maternal_age",27,0.1162,0
SOCIAL_FABias,l_vta_l_hipp,NDI,48,-1.397,0.16926,L,52,"ICV, Mean_tckstats, Count_tckstats, absolute_motion, maternal_age",27,0.1162,0
SOCIAL_FABias,l_vta_l_hipp,NDI,49,-1.4173,0.16329,L,52,"ICV, Mean_tckstats, Count_tckstats, absolute_motion, maternal_age",27,0.1162,0
SOCIAL_FABias,l_vta_l_hipp,NDI,50,-1.4414,0.1564,L,52,"ICV, Mean_tckstats, Count_tckstats, absolute_motion, maternal_age",27,0.1162,0
SOCIAL_FABias,l_vta_l_hipp,NDI,51,-1.4756,0.147,L,52,"ICV, Mean_tckstats, Count_tckstats, absolute_motion, maternal_age",27,0.1162,0
SOCIAL_FABias,l_vta_l_hipp,NDI,52,-1.5062,0.139,L,52,"ICV, Mean_tckstats, Count_tckstats, absolute_motion, maternal_age",27,0.1162,0
SOCIAL_FABias,l_vta_l_hipp,NDI,53,-1.5486,0.12848,L,52,"ICV, Mean_tckstats, Count_tckstats, absolute_motion, maternal_age",27,0.1162,0
SOCIAL_FABias,l_vta_l_hipp,NDI,54,-1.6117,0.11402,L,52,"ICV, Mean_tckstats, Count_tckstats, absolute_motion, maternal_age",27,0.1162,0
SOCIAL_FABias,l_vta_l_hipp,NDI,55,-1.6881,0.09832,L,52,"ICV, Mean_tckstats, Count_tckstats, absolute_motion, maternal_age",27,0.1162,0
SOCIAL_FABias,l_vta_l_hipp,NDI,56,-1.7808,0.0817,L,52,"ICV, Mean_tckstats, Count_tckstats, absolute_motion, maternal_age",27,0.1162,0
SOCIAL_FABias,l_vta_l_hipp,NDI,57,-1.8773,0.06696,L,52,"ICV, Mean_tckstats, Count_tckstats, absolute_motion, maternal_age",27,0.1162,0
SOCIAL_FABias,l_vta_l_hipp,NDI,58,-1.9768,0.05421,L,52,"ICV, Mean_tckstats, Count_tckstats, absolute_motion, maternal_age",27,0.1162,0
SOCIAL_FABias,l_vta_l_hipp,NDI,59,-2.0763,0.04361,L,52,"ICV, Mean_tckstats, Count_tckstats, absolute_motion, maternal_age",27,0.1162,0
SOCIAL_FABias,l_vta_l_hipp,NDI,60,-2.1647,0.03575,L,52,"ICV, Mean_tckstats, Count_tckstats, absolute_motion, maternal_age",27,0.1162,0
SOCIAL_FABias,l_vta_l_hipp,NDI,61,-2.2666,0.02827,L,52,"ICV, Mean_tckstats, Count_tckstats, absolute_motion, maternal_age",27,0.1162,0
SOCIAL_FABias,l_vta_l_hipp,NDI,62,-2.3668,0.02231,L,52,"ICV, Mean_tckstats, Count_tckstats, absolute_motion, maternal_age",27,0.1162,0
SOCIAL_FABias,l_vta_l_hipp,NDI,63,-2.46,0.0178,L,52,"ICV, Mean_tckstats, Count_tckstats, absolute_motion, maternal_age",27,0.1162,0
SOCIAL_FABias,l_vta_l_hipp,NDI,64,-2.5093,0.01577,L,52,"ICV, Mean_tckstats, Count_tckstats, absolute_motion, maternal_age",27,0.1162,0
SOCIAL_FABias,l_vta_l_hipp,NDI,65,-2.5547,0.01408,L,52,"ICV, Mean_tckstats, Count_tckstats, absolute_motion, maternal_age",27,0.1162,0
SOCIAL_FABias,l_vta_l_hipp,NDI,66,-2.5879,0.01295,L,52,"ICV, Mean_tckstats, Count_tckstats, absolute_motion, maternal_age",27,0.1162,0
SOCIAL_FABias,l_vta_l_hipp,NDI,67,-2.6135,0.01214,L,52,"ICV, Mean_tckstats, Count_tckstats, absolute_motion, maternal_age",27,0.1162,0
SOCIAL_FABias,l_vta_l_hipp,NDI,68,-2.6205,0.01193,L,52,"ICV, Mean_tckstats, Count_tckstats, absolute_motion, maternal_age",27,0.1162,0
SOCIAL_FABias,l_vta_l_hipp,NDI,69,-2.6211,0.01191,L,52,"ICV, Mean_tckstats, Count_tckstats, absolute_motion, maternal_age",27,0.1162,0
SOCIAL_FABias,l_vta_l_hipp,NDI,70,-2.5875,0.01297,L,52,"ICV, Mean_tckstats, Count_tckstats, absolute_motion, maternal_age",27,0.1162,0
SOCIAL_FABias,l_vta_l_hipp,NDI,71,-2.4966,0.01627,L,52,"ICV, Mean_tckstats, Count_tckstats, absolute_motion, maternal_age",27,0.1162,0
SOCIAL_FABias,l_vta_l_hipp,NDI,72,-2.3881,0.02119,L,52,"ICV, Mean_tckstats, Count_tckstats, absolute_motion, maternal_age",27,0.1162,0
SOCIAL_FABias,l_vta_l_hipp,NDI,73,-2.2492,0.02944,L,52,"ICV, Mean_tckstats, Count_tckstats, absolute_motion, maternal_age",27,0.1162,0
SOCIAL_FABias,l_vta_l_hipp,NDI,74,-2.0792,0.04333,L,52,"ICV, Mean_tckstats, Count_tckstats, absolute_motion, maternal_age",27,0.1162,0
SOCIAL_FABias,l_vta_l_hipp,NDI,75,-1.8722,0.06768,L,52,"ICV, Mean_tckstats, Count_tckstats, absolute_motion, maternal_age",27,0.1162,0
SOCIAL_FABias,l_vta_l_hipp,NDI,76,-1.6424,0.10748,L,52,"ICV, Mean_tckstats, Count_tckstats, absolute_motion, maternal_age",27,0.1162,0
SOCIAL_FABias,l_vta_l_hipp,NDI,77,-1.3856,0.17269,L,52,"ICV, Mean_tckstats, Count_tckstats, absolute_motion, maternal_age",27,0.1162,0
SOCIAL_FABias,l_vta_l_hipp,NDI,78,-1.1459,0.2579,L,52,"ICV, Mean_tckstats, Count_tckstats, absolute_motion, maternal_age",27,0.1162,0
SOCIAL_FABias,l_vta_l_hipp,NDI,79,-0.9244,0.36018,L,52,"ICV, Mean_tckstats, Count_tckstats, absolute_motion, maternal_age",27,0.1162,0
SOCIAL_FABias,l_vta_l_hipp,NDI,80,-0.7408,0.46264,L,52,"ICV, Mean_tckstats, Count_tckstats, absolute_motion, maternal_age",27,0.1162,0
SOCIAL_FABias,l_vta_l_hipp,NDI,81,-0.6162,0.54086,L,52,"ICV, Mean_tckstats, Count_tckstats, absolute_motion, maternal_age",27,0.1162,0
SOCIAL_FABias,l_vta_l_hipp,NDI,82,-0.5062,0.61521,L,52,"ICV, Mean_tckstats, Count_tckstats, absolute_motion, maternal_age",27,0.1162,0
SOCIAL_FABias,l_vta_l_hipp,NDI,83,-0.3996,0.69137,L,52,"ICV, Mean_tckstats, Count_tckstats, absolute_motion, maternal_age",27,0.1162,0
SOCIAL_FABias,l_vta_l_hipp,NDI,84,-0.3165,0.75312,L,52,"ICV, Mean_tckstats, Count_tckstats, absolute_motion, maternal_age",27,0.1162,0
SOCIAL_FABias,l_vta_l_hipp,NDI,85,-0.2722,0.78671,L,52,"ICV, Mean_tckstats, Count_tckstats, absolute_motion, maternal_age",27,0.1162,0
SOCIAL_FABias,l_vta_l_hipp,NDI,86,-0.2703,0.78816,L,52,"ICV, Mean_tckstats, Count_tckstats, absolute_motion, maternal_age",27,0.1162,0
SOCIAL_FABias,l_vta_l_hipp,NDI,87,-0.2926,0.77119,L,52,"ICV, Mean_tckstats, Count_tckstats, absolute_motion, maternal_age",27,0.1162,0
SOCIAL_FABias,l_vta_l_hipp,NDI,88,-0.3302,0.74279,L,52,"ICV, Mean_tckstats, Count_tckstats, absolute_motion, maternal_age",27,0.1162,0
SOCIAL_FABias,l_vta_l_hipp,NDI,89,-0.3504,0.72766,L,52,"ICV, Mean_tckstats, Count_tckstats, absolute_motion, maternal_age",27,0.1162,0
SOCIAL_FABias,l_vta_l_hipp,NDI,90,-0.366,0.71605,L,52,"ICV, Mean_tckstats, Count_tckstats, absolute_motion, maternal_age",27,0.1162,0
SOCIAL_FABias,l_vta_l_hipp,NDI,91,-0.3821,0.70419,L,52,"ICV, Mean_tckstats, Count_tckstats, absolute_motion, maternal_age",27,0.1162,0
SOCIAL_FABias,l_vta_l_hipp,NDI,92,-0.4574,0.6496,L,52,"ICV, Mean_tckstats, Count_tckstats, absolute_motion, maternal_age",27,0.1162,0
SOCIAL_FABias,l_vta_l_hipp,NDI,93,-0.5099,0.61259,L,52,"ICV, Mean_tckstats, Count_tckstats, absolute_motion, maternal_age",27,0.1162,0
SOCIAL_FABias,l_vta_l_hipp,NDI,94,-0.5238,0.60301,L,52,"ICV, Mean_tckstats, Count_tckstats, absolute_motion, maternal_age",27,0.1162,0
SOCIAL_FABias,l_vta_l_hipp,NDI,95,-0.514,0.6098,L,52,"ICV, Mean_tckstats, Count_tckstats, absolute_motion, maternal_age",27,0.1162,0
SOCIAL_FABias,l_vta_l_hipp,NDI,96,-0.5244,0.60258,L,52,"ICV, Mean_tckstats, Count_tckstats, absolute_motion, maternal_age",27,0.1162,0
SOCIAL_FABias,l_vta_l_hipp,NDI,97,-0.5571,0.5802,L,52,"ICV, Mean_tckstats, Count_tckstats, absolute_motion, maternal_age",27,0.1162,0
SOCIAL_FABias,l_vta_l_hipp,NDI,98,-0.5632,0.57611,L,52,"ICV, Mean_tckstats, Count_tckstats, absolute_motion, maternal_age",27,0.1162,0
SOCIAL_FABias,l_vta_l_hipp,NDI,99,-0.5603,0.57805,L,52,"ICV, Mean_tckstats, Count_tckstats, absolute_motion, maternal_age",27,0.1162,0
SOCIAL_dprime,l_vta_l_hipp,NDI,0,2.0402,0.04722,L,52,"ICV, Mean_tckstats, Count_tckstats, absolute_motion, maternal_age",26,0.0032,1
SOCIAL_dprime,l_vta_l_hipp,NDI,1,2.0567,0.04554,L,52,"ICV, Mean_tckstats, Count_tckstats, absolute_motion, maternal_age",26,0.0032,1
SOCIAL_dprime,l_vta_l_hipp,NDI,2,2.1074,0.04069,L,52,"ICV, Mean_tckstats, Count_tckstats, absolute_motion, maternal_age",26,0.0032,1
SOCIAL_dprime,l_vta_l_hipp,NDI,3,2.1411,0.03772,L,52,"ICV, Mean_tckstats, Count_tckstats, absolute_motion, maternal_age",26,0.0032,1
SOCIAL_dprime,l_vta_l_hipp,NDI,4,2.1621,0.03597,L,52,"ICV, Mean_tckstats, Count_tckstats, absolute_motion, maternal_age",26,0.0032,1
SOCIAL_dprime,l_vta_l_hipp,NDI,5,2.1823,0.03434,L,52,"ICV, Mean_tckstats, Count_tckstats, absolute_motion, maternal_age",26,0.0032,1
SOCIAL_dprime,l_vta_l_hipp,NDI,6,2.193,0.03352,L,52,"ICV, Mean_tckstats, Count_tckstats, absolute_motion, maternal_age",26,0.0032,1
SOCIAL_dprime,l_vta_l_hipp,NDI,7,2.1942,0.03342,L,52,"ICV, Mean_tckstats, Count_tckstats, absolute_motion, maternal_age",26,0.0032,1
SOCIAL_dprime,l_vta_l_hipp,NDI,8,2.1836,0.03424,L,52,"ICV, Mean_tckstats, Count_tckstats, absolute_motion, maternal_age",26,0.0032,1
SOCIAL_dprime,l_vta_l_hipp,NDI,9,2.1909,0.03368,L,52,"ICV, Mean_tckstats, Count_tckstats, absolute_motion, maternal_age",26,0.0032,1
SOCIAL_dprime,l_vta_l_hipp,NDI,10,2.2051,0.0326,L,52,"ICV, Mean_tckstats, Count_tckstats, absolute_motion, maternal_age",26,0.0032,1
SOCIAL_dprime,l_vta_l_hipp,NDI,11,2.2111,0.03216,L,52,"ICV, Mean_tckstats, Count_tckstats, absolute_motion, maternal_age",26,0.0032,1
SOCIAL_dprime,l_vta_l_hipp,NDI,12,2.1665,0.03561,L,52,"ICV, Mean_tckstats, Count_tckstats, absolute_motion, maternal_age",26,0.0032,1
SOCIAL_dprime,l_vta_l_hipp,NDI,13,2.1209,0.03947,L,52,"ICV, Mean_tckstats, Count_tckstats, absolute_motion, maternal_age",26,0.0032,1
SOCIAL_dprime,l_vta_l_hipp,NDI,14,2.1404,0.03778,L,52,"ICV, Mean_tckstats, Count_tckstats, absolute_motion, maternal_age",26,0.0032,1
SOCIAL_dprime,l_vta_l_hipp,NDI,15,2.113,0.04018,L,52,"ICV, Mean_tckstats, Count_tckstats, absolute_motion, maternal_age",26,0.0032,1
SOCIAL_dprime,l_vta_l_hipp,NDI,16,2.1252,0.03909,L,52,"ICV, Mean_tckstats, Count_tckstats, absolute_motion, maternal_age",26,0.0032,1
SOCIAL_dprime,l_vta_l_hipp,NDI,17,2.1354,0.03821,L,52,"ICV, Mean_tckstats, Count_tckstats, absolute_motion, maternal_age",26,0.0032,1
SOCIAL_dprime,l_vta_l_hipp,NDI,18,2.1749,0.03494,L,52,"ICV, Mean_tckstats, Count_tckstats, absolute_motion, maternal_age",26,0.0032,1
SOCIAL_dprime,l_vta_l_hipp,NDI,19,2.2089,0.03232,L,52,"ICV, Mean_tckstats, Count_tckstats, absolute_motion, maternal_age",26,0.0032,1
SOCIAL_dprime,l_vta_l_hipp,NDI,20,2.2572,0.0289,L,52,"ICV, Mean_tckstats, Count_tckstats, absolute_motion, maternal_age",26,0.0032,1
SOCIAL_dprime,l_vta_l_hipp,NDI,21,2.2834,0.02718,L,52,"ICV, Mean_tckstats, Count_tckstats, absolute_motion, maternal_age",26,0.0032,1
SOCIAL_dprime,l_vta_l_hipp,NDI,22,2.3218,0.02483,L,52,"ICV, Mean_tckstats, Count_tckstats, absolute_motion, maternal_age",26,0.0032,1
SOCIAL_dprime,l_vta_l_hipp,NDI,23,2.3697,0.02215,L,52,"ICV, Mean_tckstats, Count_tckstats, absolute_motion, maternal_age",26,0.0032,1
SOCIAL_dprime,l_vta_l_hipp,NDI,24,2.4161,0.01981,L,52,"ICV, Mean_tckstats, Count_tckstats, absolute_motion, maternal_age",26,0.0032,1
SOCIAL_dprime,l_vta_l_hipp,NDI,25,2.4436,0.01853,L,52,"ICV, Mean_tckstats, Count_tckstats, absolute_motion, maternal_age",26,0.0032,1
SOCIAL_dprime,l_vta_l_hipp,NDI,26,2.4404,0.01867,L,52,"ICV, Mean_tckstats, Count_tckstats, absolute_motion, maternal_age",26,0.0032,1
SOCIAL_dprime,l_vta_l_hipp,NDI,27,2.4961,0.01629,L,52,"ICV, Mean_tckstats, Count_tckstats, absolute_motion, maternal_age",26,0.0032,1
SOCIAL_dprime,l_vta_l_hipp,NDI,28,2.5255,0.01514,L,52,"ICV, Mean_tckstats, Count_tckstats, absolute_motion, maternal_age",26,0.0032,1
SOCIAL_dprime,l_vta_l_hipp,NDI,29,2.5505,0.01423,L,52,"ICV, Mean_tckstats, Count_tckstats, absolute_motion, maternal_age",26,0.0032,1
SOCIAL_dprime,l_vta_l_hipp,NDI,30,2.5679,0.01362,L,52,"ICV, Mean_tckstats, Count_tckstats, absolute_motion, maternal_age",26,0.0032,1
SOCIAL_dprime,l_vta_l_hipp,NDI,31,2.5681,0.01361,L,52,"ICV, Mean_tckstats, Count_tckstats, absolute_motion, maternal_age",26,0.0032,1
SOCIAL_dprime,l_vta_l_hipp,NDI,32,2.5722,0.01348,L,52,"ICV, Mean_tckstats, Count_tckstats, absolute_motion, maternal_age",26,0.0032,1
SOCIAL_dprime,l_vta_l_hipp,NDI,33,2.5543,0.01409,L,52,"ICV, Mean_tckstats, Count_tckstats, absolute_motion, maternal_age",26,0.0032,1
SOCIAL_dprime,l_vta_l_hipp,NDI,34,2.5128,0.01563,L,52,"ICV, Mean_tckstats, Count_tckstats, absolute_motion, maternal_age",26,0.0032,1
SOCIAL_dprime,l_vta_l_hipp,NDI,35,2.488,0.01662,L,52,"ICV, Mean_tckstats, Count_tckstats, absolute_motion, maternal_age",26,0.0032,1
SOCIAL_dprime,l_vta_l_hipp,NDI,36,2.4836,0.0168,L,52,"ICV, Mean_tckstats, Count_tckstats, absolute_motion, maternal_age",26,0.0032,1
SOCIAL_dprime,l_vta_l_hipp,NDI,37,2.4902,0.01653,L,52,"ICV, Mean_tckstats, Count_tckstats, absolute_motion, maternal_age",26,0.0032,1
SOCIAL_dprime,l_vta_l_hipp,NDI,38,2.4932,0.01641,L,52,"ICV, Mean_tckstats, Count_tckstats, absolute_motion, maternal_age",26,0.0032,1
SOCIAL_dprime,l_vta_l_hipp,NDI,39,2.4919,0.01646,L,52,"ICV, Mean_tckstats, Count_tckstats, absolute_motion, maternal_age",26,0.0032,1
SOCIAL_dprime,l_vta_l_hipp,NDI,40,2.4865,0.01668,L,52,"ICV, Mean_tckstats, Count_tckstats, absolute_motion, maternal_age",26,0.0032,1
SOCIAL_dprime,l_vta_l_hipp,NDI,41,2.4735,0.01722,L,52,"ICV, Mean_tckstats, Count_tckstats, absolute_motion, maternal_age",26,0.0032,1
SOCIAL_dprime,l_vta_l_hipp,NDI,42,2.4587,0.01785,L,52,"ICV, Mean_tckstats, Count_tckstats, absolute_motion, maternal_age",26,0.0032,1
SOCIAL_dprime,l_vta_l_hipp,NDI,43,2.465,0.01758,L,52,"ICV, Mean_tckstats, Count_tckstats, absolute_motion, maternal_age",26,0.0032,1
SOCIAL_dprime,l_vta_l_hipp,NDI,44,2.4412,0.01864,L,52,"ICV, Mean_tckstats, Count_tckstats, absolute_motion, maternal_age",26,0.0032,1
SOCIAL_dprime,l_vta_l_hipp,NDI,45,2.42,0.01962,L,52,"ICV, Mean_tckstats, Count_tckstats, absolute_motion, maternal_age",26,0.0032,1
SOCIAL_dprime,l_vta_l_hipp,NDI,46,2.4005,0.02057,L,52,"ICV, Mean_tckstats, Count_tckstats, absolute_motion, maternal_age",26,0.0032,1
SOCIAL_dprime,l_vta_l_hipp,NDI,47,2.3706,0.02211,L,52,"ICV, Mean_tckstats, Count_tckstats, absolute_motion, maternal_age",26,0.0032,1
SOCIAL_dprime,l_vta_l_hipp,NDI,48,2.3173,0.02509,L,52,"ICV, Mean_tckstats, Count_tckstats, absolute_motion, maternal_age",26,0.0032,1
SOCIAL_dprime,l_vta_l_hipp,NDI,49,2.264,0.02844,L,52,"ICV, Mean_tckstats, Count_tckstats, absolute_motion, maternal_age",26,0.0032,1
SOCIAL_dprime,l_vta_l_hipp,NDI,50,2.21,0.03224,L,52,"ICV, Mean_tckstats, Count_tckstats, absolute_motion, maternal_age",26,0.0032,1
SOCIAL_dprime,l_vta_l_hipp,NDI,51,2.1577,0.03632,L,52,"ICV, Mean_tckstats, Count_tckstats, absolute_motion, maternal_age",26,0.0032,1
SOCIAL_dprime,l_vta_l_hipp,NDI,52,2.1148,0.04002,L,52,"ICV, Mean_tckstats, Count_tckstats, absolute_motion, maternal_age",26,0.0032,1
SOCIAL_dprime,l_vta_l_hipp,NDI,53,2.0711,0.04411,L,52,"ICV, Mean_tckstats, Count_tckstats, absolute_motion, maternal_age",26,0.0032,1
SOCIAL_dprime,l_vta_l_hipp,NDI,54,2.0336,0.04792,L,52,"ICV, Mean_tckstats, Count_tckstats, absolute_motion, maternal_age",26,0.0032,1
SOCIAL_dprime,l_vta_l_hipp,NDI,55,2.0018,0.05135,L,52,"ICV, Mean_tckstats, Count_tckstats, absolute_motion, maternal_age",26,0.0032,1
SOCIAL_dprime,l_vta_l_hipp,NDI,56,1.9632,0.05582,L,52,"ICV, Mean_tckstats, Count_tckstats, absolute_motion, maternal_age",26,0.0032,1
SOCIAL_dprime,l_vta_l_hipp,NDI,57,1.9219,0.06096,L,52,"ICV, Mean_tckstats, Count_tckstats, absolute_motion, maternal_age",26,0.0032,1
SOCIAL_dprime,l_vta_l_hipp,NDI,58,1.8868,0.06565,L,52,"ICV, Mean_tckstats, Count_tckstats, absolute_motion, maternal_age",26,0.0032,1
SOCIAL_dprime,l_vta_l_hipp,NDI,59,1.8558,0.07004,L,52,"ICV, Mean_tckstats, Count_tckstats, absolute_motion, maternal_age",26,0.0032,1
SOCIAL_dprime,l_vta_l_hipp,NDI,60,1.8286,0.07409,L,52,"ICV, Mean_tckstats, Count_tckstats, absolute_motion, maternal_age",26,0.0032,1
SOCIAL_dprime,l_vta_l_hipp,NDI,61,1.8158,0.07607,L,52,"ICV, Mean_tckstats, Count_tckstats, absolute_motion, maternal_age",26,0.0032,1
SOCIAL_dprime,l_vta_l_hipp,NDI,62,1.8077,0.07734,L,52,"ICV, Mean_tckstats, Count_tckstats, absolute_motion, maternal_age",26,0.0032,1
SOCIAL_dprime,l_vta_l_hipp,NDI,63,1.785,0.081,L,52,"ICV, Mean_tckstats, Count_tckstats, absolute_motion, maternal_age",26,0.0032,1
SOCIAL_dprime,l_vta_l_hipp,NDI,64,1.7885,0.08043,L,52,"ICV, Mean_tckstats, Count_tckstats, absolute_motion, maternal_age",26,0.0032,1
SOCIAL_dprime,l_vta_l_hipp,NDI,65,1.7918,0.07988,L,52,"ICV, Mean_tckstats, Count_tckstats, absolute_motion, maternal_age",26,0.0032,1
SOCIAL_dprime,l_vta_l_hipp,NDI,66,1.7846,0.08107,L,52,"ICV, Mean_tckstats, Count_tckstats, absolute_motion, maternal_age",26,0.0032,1
SOCIAL_dprime,l_vta_l_hipp,NDI,67,1.7933,0.07965,L,52,"ICV, Mean_tckstats, Count_tckstats, absolute_motion, maternal_age",26,0.0032,1
SOCIAL_dprime,l_vta_l_hipp,NDI,68,1.8115,0.07674,L,52,"ICV, Mean_tckstats, Count_tckstats, absolute_motion, maternal_age",26,0.0032,1
SOCIAL_dprime,l_vta_l_hipp,NDI,69,1.8317,0.07363,L,52,"ICV, Mean_tckstats, Count_tckstats, absolute_motion, maternal_age",26,0.0032,1
SOCIAL_dprime,l_vta_l_hipp,NDI,70,1.8505,0.07081,L,52,"ICV, Mean_tckstats, Count_tckstats, absolute_motion, maternal_age",26,0.0032,1
SOCIAL_dprime,l_vta_l_hipp,NDI,71,1.8927,0.06484,L,52,"ICV, Mean_tckstats, Count_tckstats, absolute_motion, maternal_age",26,0.0032,1
SOCIAL_dprime,l_vta_l_hipp,NDI,72,1.9535,0.05699,L,52,"ICV, Mean_tckstats, Count_tckstats, absolute_motion, maternal_age",26,0.0032,1
SOCIAL_dprime,l_vta_l_hipp,NDI,73,2.046,0.04663,L,52,"ICV, Mean_tckstats, Count_tckstats, absolute_motion, maternal_age",26,0.0032,1
SOCIAL_dprime,l_vta_l_hipp,NDI,74,2.1616,0.03601,L,52,"ICV, Mean_tckstats, Count_tckstats, absolute_motion, maternal_age",26,0.0032,1
SOCIAL_dprime,l_vta_l_hipp,NDI,75,2.3145,0.02526,L,52,"ICV, Mean_tckstats, Count_tckstats, absolute_motion, maternal_age",26,0.0032,1
SOCIAL_dprime,l_vta_l_hipp,NDI,76,2.4767,0.01709,L,52,"ICV, Mean_tckstats, Count_tckstats, absolute_motion, maternal_age",26,0.0032,1
SOCIAL_dprime,l_vta_l_hipp,NDI,77,2.6399,0.01136,L,52,"ICV, Mean_tckstats, Count_tckstats, absolute_motion, maternal_age",26,0.0032,1
SOCIAL_dprime,l_vta_l_hipp,NDI,78,2.778,0.00795,L,52,"ICV, Mean_tckstats, Count_tckstats, absolute_motion, maternal_age",26,0.0032,1
SOCIAL_dprime,l_vta_l_hipp,NDI,79,2.8789,0.00609,L,52,"ICV, Mean_tckstats, Count_tckstats, absolute_motion, maternal_age",26,0.0032,1
SOCIAL_dprime,l_vta_l_hipp,NDI,80,2.9763,0.00468,L,52,"ICV, Mean_tckstats, Count_tckstats, absolute_motion, maternal_age",26,0.0032,1
SOCIAL_dprime,l_vta_l_hipp,NDI,81,3.0374,0.00396,L,52,"ICV, Mean_tckstats, Count_tckstats, absolute_motion, maternal_age",26,0.0032,1
SOCIAL_dprime,l_vta_l_hipp,NDI,82,3.0977,0.00335,L,52,"ICV, Mean_tckstats, Count_tckstats, absolute_motion, maternal_age",26,0.0032,1
SOCIAL_dprime,l_vta_l_hipp,NDI,83,3.1526,0.00288,L,52,"ICV, Mean_tckstats, Count_tckstats, absolute_motion, maternal_age",26,0.0032,1
SOCIAL_dprime,l_vta_l_hipp,NDI,84,3.1793,0.00267,L,52,"ICV, Mean_tckstats, Count_tckstats, absolute_motion, maternal_age",26,0.0032,1
SOCIAL_dprime,l_vta_l_hipp,NDI,85,3.2251,0.00235,L,52,"ICV, Mean_tckstats, Count_tckstats, absolute_motion, maternal_age",26,0.0032,1
SOCIAL_dprime,l_vta_l_hipp,NDI,86,3.2665,0.00209,L,52,"ICV, Mean_tckstats, Count_tckstats, absolute_motion, maternal_age",26,0.0032,1
SOCIAL_dprime,l_vta_l_hipp,NDI,87,3.2724,0.00205,L,52,"ICV, Mean_tckstats, Count_tckstats, absolute_motion, maternal_age",26,0.0032,1
SOCIAL_dprime,l_vta_l_hipp,NDI,88,3.2636,0.0021,L,52,"ICV, Mean_tckstats, Count_tckstats, absolute_motion, maternal_age",26,0.0032,1
SOCIAL_dprime,l_vta_l_hipp,NDI,89,3.2439,0.00223,L,52,"ICV, Mean_tckstats, Count_tckstats, absolute_motion, maternal_age",26,0.0032,1
SOCIAL_dprime,l_vta_l_hipp,NDI,90,3.1502,0.0029,L,52,"ICV, Mean_tckstats, Count_tckstats, absolute_motion, maternal_age",26,0.0032,1
SOCIAL_dprime,l_vta_l_hipp,NDI,91,2.9513,0.00501,L,52,"ICV, Mean_tckstats, Count_tckstats, absolute_motion, maternal_age",26,0.0032,1
SOCIAL_dprime,l_vta_l_hipp,NDI,92,2.7044,0.00963,L,52,"ICV, Mean_tckstats, Count_tckstats, absolute_motion, maternal_age",26,0.0032,1
SOCIAL_dprime,l_vta_l_hipp,NDI,93,2.4133,0.01994,L,52,"ICV, Mean_tckstats, Count_tckstats, absolute_motion, maternal_age",26,0.0032,1
SOCIAL_dprime,l_vta_l_hipp,NDI,94,2.1538,0.03665,L,52,"ICV, Mean_tckstats, Count_tckstats, absolute_motion, maternal_age",26,0.0032,1
SOCIAL_dprime,l_vta_l_hipp,NDI,95,1.8878,0.06551,L,52,"ICV, Mean_tckstats, Count_tckstats, absolute_motion, maternal_age",26,0.0032,1
SOCIAL_dprime,l_vta_l_hipp,NDI,96,1.6681,0.10224,L,52,"ICV, Mean_tckstats, Count_tckstats, absolute_motion, maternal_age",26,0.0032,1
SOCIAL_dprime,l_vta_l_hipp,NDI,97,1.4963,0.14156,L,52,"ICV, Mean_tckstats, Count_tckstats, absolute_motion, maternal_age",26,0.0032,1
SOCIAL_dprime,l_vta_l_hipp,NDI,98,1.3219,0.1929,L,52,"ICV, Mean_tckstats, Count_tckstats, absolute_motion, maternal_age",26,0.0032,1
SOCIAL_dprime,l_vta_l_hipp,NDI,99,1.1435,0.25889,L,52,"ICV, Mean_tckstats, Count_tckstats, absolute_motion, maternal_age",26,0.0032,1
SOCIAL_FABias,r_vta_r_hipp,FA,0,-1.66,0.10387,R,52,"ICV, Mean_tckstats, Count_tckstats, absolute_motion, maternal_age",20,0.0026,1
SOCIAL_FABias,r_vta_r_hipp,FA,1,-1.5761,0.12201,R,52,"ICV, Mean_tckstats, Count_tckstats, absolute_motion, maternal_age",20,0.0026,1
SOCIAL_FABias,r_vta_r_hipp,FA,2,-1.5516,0.12775,R,52,"ICV, Mean_tckstats, Count_tckstats, absolute_motion, maternal_age",20,0.0026,1
SOCIAL_FABias,r_vta_r_hipp,FA,3,-1.4616,0.1508,R,52,"ICV, Mean_tckstats, Count_tckstats, absolute_motion, maternal_age",20,0.0026,1
SOCIAL_FABias,r_vta_r_hipp,FA,4,-1.5055,0.13917,R,52,"ICV, Mean_tckstats, Count_tckstats, absolute_motion, maternal_age",20,0.0026,1
SOCIAL_FABias,r_vta_r_hipp,FA,5,-1.4996,0.14069,R,52,"ICV, Mean_tckstats, Count_tckstats, absolute_motion, maternal_age",20,0.0026,1
SOCIAL_FABias,r_vta_r_hipp,FA,6,-1.4721,0.14796,R,52,"ICV, Mean_tckstats, Count_tckstats, absolute_motion, maternal_age",20,0.0026,1
SOCIAL_FABias,r_vta_r_hipp,FA,7,-1.408,0.16599,R,52,"ICV, Mean_tckstats, Count_tckstats, absolute_motion, maternal_age",20,0.0026,1
SOCIAL_FABias,r_vta_r_hipp,FA,8,-1.3179,0.19422,R,52,"ICV, Mean_tckstats, Count_tckstats, absolute_motion, maternal_age",20,0.0026,1
SOCIAL_FABias,r_vta_r_hipp,FA,9,-1.241,0.22104,R,52,"ICV, Mean_tckstats, Count_tckstats, absolute_motion, maternal_age",20,0.0026,1
SOCIAL_FABias,r_vta_r_hipp,FA,10,-1.1543,0.25447,R,52,"ICV, Mean_tckstats, Count_tckstats, absolute_motion, maternal_age",20,0.0026,1
SOCIAL_FABias,r_vta_r_hipp,FA,11,-1.0834,0.28439,R,52,"ICV, Mean_tckstats, Count_tckstats, absolute_motion, maternal_age",20,0.0026,1
SOCIAL_FABias,r_vta_r_hipp,FA,12,-1.0348,0.30627,R,52,"ICV, Mean_tckstats, Count_tckstats, absolute_motion, maternal_age",20,0.0026,1
SOCIAL_FABias,r_vta_r_hipp,FA,13,-1.0332,0.30702,R,52,"ICV, Mean_tckstats, Count_tckstats, absolute_motion, maternal_age",20,0.0026,1
SOCIAL_FABias,r_vta_r_hipp,FA,14,-1.0838,0.28423,R,52,"ICV, Mean_tckstats, Count_tckstats, absolute_motion, maternal_age",20,0.0026,1
SOCIAL_FABias,r_vta_r_hipp,FA,15,-1.1619,0.25142,R,52,"ICV, Mean_tckstats, Count_tckstats, absolute_motion, maternal_age",20,0.0026,1
SOCIAL_FABias,r_vta_r_hipp,FA,16,-1.2657,0.21212,R,52,"ICV, Mean_tckstats, Count_tckstats, absolute_motion, maternal_age",20,0.0026,1
SOCIAL_FABias,r_vta_r_hipp,FA,17,-1.3691,0.17775,R,52,"ICV, Mean_tckstats, Count_tckstats, absolute_motion, maternal_age",20,0.0026,1
SOCIAL_FABias,r_vta_r_hipp,FA,18,-1.4895,0.14333,R,52,"ICV, Mean_tckstats, Count_tckstats, absolute_motion, maternal_age",20,0.0026,1
SOCIAL_FABias,r_vta_r_hipp,FA,19,-1.5855,0.11986,R,52,"ICV, Mean_tckstats, Count_tckstats, absolute_motion, maternal_age",20,0.0026,1
SOCIAL_FABias,r_vta_r_hipp,FA,20,-1.6874,0.09845,R,52,"ICV, Mean_tckstats, Count_tckstats, absolute_motion, maternal_age",20,0.0026,1
SOCIAL_FABias,r_vta_r_hipp,FA,21,-1.7898,0.08022,R,52,"ICV, Mean_tckstats, Count_tckstats, absolute_motion, maternal_age",20,0.0026,1
SOCIAL_FABias,r_vta_r_hipp,FA,22,-1.8883,0.06544,R,52,"ICV, Mean_tckstats, Count_tckstats, absolute_motion, maternal_age",20,0.0026,1
SOCIAL_FABias,r_vta_r_hipp,FA,23,-2.0127,0.05016,R,52,"ICV, Mean_tckstats, Count_tckstats, absolute_motion, maternal_age",20,0.0026,1
SOCIAL_FABias,r_vta_r_hipp,FA,24,-2.147,0.03722,R,52,"ICV, Mean_tckstats, Count_tckstats, absolute_motion, maternal_age",20,0.0026,1
SOCIAL_FABias,r_vta_r_hipp,FA,25,-2.272,0.02791,R,52,"ICV, Mean_tckstats, Count_tckstats, absolute_motion, maternal_age",20,0.0026,1
SOCIAL_FABias,r_vta_r_hipp,FA,26,-2.4383,0.01877,R,52,"ICV, Mean_tckstats, Count_tckstats, absolute_motion, maternal_age",20,0.0026,1
SOCIAL_FABias,r_vta_r_hipp,FA,27,-2.6539,0.01096,R,52,"ICV, Mean_tckstats, Count_tckstats, absolute_motion, maternal_age",20,0.0026,1
SOCIAL_FABias,r_vta_r_hipp,FA,28,-2.9101,0.0056,R,52,"ICV, Mean_tckstats, Count_tckstats, absolute_motion, maternal_age",20,0.0026,1
SOCIAL_FABias,r_vta_r_hipp,FA,29,-3.1691,0.00275,R,52,"ICV, Mean_tckstats, Count_tckstats, absolute_motion, maternal_age",20,0.0026,1
SOCIAL_FABias,r_vta_r_hipp,FA,30,-3.3322,0.00173,R,52,"ICV, Mean_tckstats, Count_tckstats, absolute_motion, maternal_age",20,0.0026,1
SOCIAL_FABias,r_vta_r_hipp,FA,31,-3.4861,0.00111,R,52,"ICV, Mean_tckstats, Count_tckstats, absolute_motion, maternal_age",20,0.0026,1
SOCIAL_FABias,r_vta_r_hipp,FA,32,-3.6027,0.00078,R,52,"ICV, Mean_tckstats, Count_tckstats, absolute_motion, maternal_age",20,0.0026,1
SOCIAL_FABias,r_vta_r_hipp,FA,33,-3.6202,0.00074,R,52,"ICV, Mean_tckstats, Count_tckstats, absolute_motion, maternal_age",20,0.0026,1
SOCIAL_FABias,r_vta_r_hipp,FA,34,-3.5836,0.00083,R,52,"ICV, Mean_tckstats, Count_tckstats, absolute_motion, maternal_age",20,0.0026,1
SOCIAL_FABias,r_vta_r_hipp,FA,35,-3.5472,0.00092,R,52,"ICV, Mean_tckstats, Count_tckstats, absolute_motion, maternal_age",20,0.0026,1
SOCIAL_FABias,r_vta_r_hipp,FA,36,-3.4847,0.00111,R,52,"ICV, Mean_tckstats, Count_tckstats, absolute_motion, maternal_age",20,0.0026,1
SOCIAL_FABias,r_vta_r_hipp,FA,37,-3.3955,0.00144,R,52,"ICV, Mean_tckstats, Count_tckstats, absolute_motion, maternal_age",20,0.0026,1
SOCIAL_FABias,r_vta_r_hipp,FA,38,-3.2461,0.00221,R,52,"ICV, Mean_tckstats, Count_tckstats, absolute_motion, maternal_age",20,0.0026,1
SOCIAL_FABias,r_vta_r_hipp,FA,39,-3.1254,0.00311,R,52,"ICV, Mean_tckstats, Count_tckstats, absolute_motion, maternal_age",20,0.0026,1
SOCIAL_FABias,r_vta_r_hipp,FA,40,-2.973,0.00472,R,52,"ICV, Mean_tckstats, Count_tckstats, absolute_motion, maternal_age",20,0.0026,1
SOCIAL_FABias,r_vta_r_hipp,FA,41,-2.8043,0.00742,R,52,"ICV, Mean_tckstats, Count_tckstats, absolute_motion, maternal_age",20,0.0026,1
SOCIAL_FABias,r_vta_r_hipp,FA,42,-2.6773,0.01032,R,52,"ICV, Mean_tckstats, Count_tckstats, absolute_motion, maternal_age",20,0.0026,1
SOCIAL_FABias,r_vta_r_hipp,FA,43,-2.5892,0.01291,R,52,"ICV, Mean_tckstats, Count_tckstats, absolute_motion, maternal_age",20,0.0026,1
SOCIAL_FABias,r_vta_r_hipp,FA,44,-2.511,0.0157,R,52,"ICV, Mean_tckstats, Count_tckstats, absolute_motion, maternal_age",20,0.0026,1
SOCIAL_FABias,r_vta_r_hipp,FA,45,-2.5077,0.01583,R,52,"ICV, Mean_tckstats, Count_tckstats, absolute_motion, maternal_age",20,0.0026,1
SOCIAL_FABias,r_vta_r_hipp,FA,46,-2.5526,0.01416,R,52,"ICV, Mean_tckstats, Count_tckstats, absolute_motion, maternal_age",20,0.0026,1
SOCIAL_FABias,r_vta_r_hipp,FA,47,-2.6016,0.01252,R,52,"ICV, Mean_tckstats, Count_tckstats, absolute_motion, maternal_age",20,0.0026,1
SOCIAL_FABias,r_vta_r_hipp,FA,48,-2.6371,0.01144,R,52,"ICV, Mean_tckstats, Count_tckstats, absolute_motion, maternal_age",20,0.0026,1
SOCIAL_FABias,r_vta_r_hipp,FA,49,-2.656,0.0109,R,52,"ICV, Mean_tckstats, Count_tckstats, absolute_motion, maternal_age",20,0.0026,1
SOCIAL_FABias,r_vta_r_hipp,FA,50,-2.6671,0.01059,R,52,"ICV, Mean_tckstats, Count_tckstats, absolute_motion, maternal_age",20,0.0026,1
SOCIAL_FABias,r_vta_r_hipp,FA,51,-2.675,0.01038,R,52,"ICV, Mean_tckstats, Count_tckstats, absolute_motion, maternal_age",20,0.0026,1
SOCIAL_FABias,r_vta_r_hipp,FA,52,-2.7017,0.00969,R,52,"ICV, Mean_tckstats, Count_tckstats, absolute_motion, maternal_age",20,0.0026,1
SOCIAL_FABias,r_vta_r_hipp,FA,53,-2.6865,0.01008,R,52,"ICV, Mean_tckstats, Count_tckstats, absolute_motion, maternal_age",20,0.0026,1
SOCIAL_FABias,r_vta_r_hipp,FA,54,-2.6099,0.01225,R,52,"ICV, Mean_tckstats, Count_tckstats, absolute_motion, maternal_age",20,0.0026,1
SOCIAL_FABias,r_vta_r_hipp,FA,55,-2.5357,0.01476,R,52,"ICV, Mean_tckstats, Count_tckstats, absolute_motion, maternal_age",20,0.0026,1
SOCIAL_FABias,r_vta_r_hipp,FA,56,-2.5016,0.01607,R,52,"ICV, Mean_tckstats, Count_tckstats, absolute_motion, maternal_age",20,0.0026,1
SOCIAL_FABias,r_vta_r_hipp,FA,57,-2.4683,0.01744,R,52,"ICV, Mean_tckstats, Count_tckstats, absolute_motion, maternal_age",20,0.0026,1
SOCIAL_FABias,r_vta_r_hipp,FA,58,-2.4096,0.02012,R,52,"ICV, Mean_tckstats, Count_tckstats, absolute_motion, maternal_age",20,0.0026,1
SOCIAL_FABias,r_vta_r_hipp,FA,59,-2.3916,0.02102,R,52,"ICV, Mean_tckstats, Count_tckstats, absolute_motion, maternal_age",20,0.0026,1
SOCIAL_FABias,r_vta_r_hipp,FA,60,-2.3844,0.02139,R,52,"ICV, Mean_tckstats, Count_tckstats, absolute_motion, maternal_age",20,0.0026,1
SOCIAL_FABias,r_vta_r_hipp,FA,61,-2.4037,0.02041,R,52,"ICV, Mean_tckstats, Count_tckstats, absolute_motion, maternal_age",20,0.0026,1
SOCIAL_FABias,r_vta_r_hipp,FA,62,-2.3784,0.02169,R,52,"ICV, Mean_tckstats, Count_tckstats, absolute_motion, maternal_age",20,0.0026,1
SOCIAL_FABias,r_vta_r_hipp,FA,63,-2.3334,0.02415,R,52,"ICV, Mean_tckstats, Count_tckstats, absolute_motion, maternal_age",20,0.0026,1
SOCIAL_FABias,r_vta_r_hipp,FA,64,-2.281,0.02733,R,52,"ICV, Mean_tckstats, Count_tckstats, absolute_motion, maternal_age",20,0.0026,1
SOCIAL_FABias,r_vta_r_hipp,FA,65,-2.2062,0.03252,R,52,"ICV, Mean_tckstats, Count_tckstats, absolute_motion, maternal_age",20,0.0026,1
SOCIAL_FABias,r_vta_r_hipp,FA,66,-2.095,0.04183,R,52,"ICV, Mean_tckstats, Count_tckstats, absolute_motion, maternal_age",20,0.0026,1
SOCIAL_FABias,r_vta_r_hipp,FA,67,-1.9797,0.05387,R,52,"ICV, Mean_tckstats, Count_tckstats, absolute_motion, maternal_age",20,0.0026,1
SOCIAL_FABias,r_vta_r_hipp,FA,68,-1.8802,0.06656,R,52,"ICV, Mean_tckstats, Count_tckstats, absolute_motion, maternal_age",20,0.0026,1
SOCIAL_FABias,r_vta_r_hipp,FA,69,-1.8094,0.07708,R,52,"ICV, Mean_tckstats, Count_tckstats, absolute_motion, maternal_age",20,0.0026,1
SOCIAL_FABias,r_vta_r_hipp,FA,70,-1.7234,0.09167,R,52,"ICV, Mean_tckstats, Count_tckstats, absolute_motion, maternal_age",20,0.0026,1
SOCIAL_FABias,r_vta_r_hipp,FA,71,-1.6541,0.10506,R,52,"ICV, Mean_tckstats, Count_tckstats, absolute_motion, maternal_age",20,0.0026,1
SOCIAL_FABias,r_vta_r_hipp,FA,72,-1.5954,0.11763,R,52,"ICV, Mean_tckstats, Count_tckstats, absolute_motion, maternal_age",20,0.0026,1
SOCIAL_FABias,r_vta_r_hipp,FA,73,-1.5327,0.13235,R,52,"ICV, Mean_tckstats, Count_tckstats, absolute_motion, maternal_age",20,0.0026,1
SOCIAL_FABias,r_vta_r_hipp,FA,74,-1.4978,0.14117,R,52,"ICV, Mean_tckstats, Count_tckstats, absolute_motion, maternal_age",20,0.0026,1
SOCIAL_FABias,r_vta_r_hipp,FA,75,-1.4713,0.14817,R,52,"ICV, Mean_tckstats, Count_tckstats, absolute_motion, maternal_age",20,0.0026,1
SOCIAL_FABias,r_vta_r_hipp,FA,76,-1.4224,0.16181,R,52,"ICV, Mean_tckstats, Count_tckstats, absolute_motion, maternal_age",20,0.0026,1
SOCIAL_FABias,r_vta_r_hipp,FA,77,-1.3819,0.17384,R,52,"ICV, Mean_tckstats, Count_tckstats, absolute_motion, maternal_age",20,0.0026,1
SOCIAL_FABias,r_vta_r_hipp,FA,78,-1.3144,0.19537,R,52,"ICV, Mean_tckstats, Count_tckstats, absolute_motion, maternal_age",20,0.0026,1
SOCIAL_FABias,r_vta_r_hipp,FA,79,-1.1985,0.23699,R,52,"ICV, Mean_tckstats, Count_tckstats, absolute_motion, maternal_age",20,0.0026,1
SOCIAL_FABias,r_vta_r_hipp,FA,80,-1.0625,0.29367,R,52,"ICV, Mean_tckstats, Count_tckstats, absolute_motion, maternal_age",20,0.0026,1
SOCIAL_FABias,r_vta_r_hipp,FA,81,-0.9217,0.36158,R,52,"ICV, Mean_tckstats, Count_tckstats, absolute_motion, maternal_age",20,0.0026,1
SOCIAL_FABias,r_vta_r_hipp,FA,82,-0.8076,0.42356,R,52,"ICV, Mean_tckstats, Count_tckstats, absolute_motion, maternal_age",20,0.0026,1
SOCIAL_FABias,r_vta_r_hipp,FA,83,-0.695,0.49065,R,52,"ICV, Mean_tckstats, Count_tckstats, absolute_motion, maternal_age",20,0.0026,1
SOCIAL_FABias,r_vta_r_hipp,FA,84,-0.5728,0.56966,R,52,"ICV, Mean_tckstats, Count_tckstats, absolute_motion, maternal_age",20,0.0026,1
SOCIAL_FABias,r_vta_r_hipp,FA,85,-0.4994,0.61991,R,52,"ICV, Mean_tckstats, Count_tckstats, absolute_motion, maternal_age",20,0.0026,1
SOCIAL_FABias,r_vta_r_hipp,FA,86,-0.4806,0.63313,R,52,"ICV, Mean_tckstats, Count_tckstats, absolute_motion, maternal_age",20,0.0026,1
SOCIAL_FABias,r_vta_r_hipp,FA,87,-0.4859,0.62941,R,52,"ICV, Mean_tckstats, Count_tckstats, absolute_motion, maternal_age",20,0.0026,1
SOCIAL_FABias,r_vta_r_hipp,FA,88,-0.494,0.62371,R,52,"ICV, Mean_tckstats, Count_tckstats, absolute_motion, maternal_age",20,0.0026,1
SOCIAL_FABias,r_vta_r_hipp,FA,89,-0.5061,0.61528,R,52,"ICV, Mean_tckstats, Count_tckstats, absolute_motion, maternal_age",20,0.0026,1
SOCIAL_FABias,r_vta_r_hipp,FA,90,-0.5217,0.60444,R,52,"ICV, Mean_tckstats, Count_tckstats, absolute_motion, maternal_age",20,0.0026,1
SOCIAL_FABias,r_vta_r_hipp,FA,91,-0.5439,0.58919,R,52,"ICV, Mean_tckstats, Count_tckstats, absolute_motion, maternal_age",20,0.0026,1
SOCIAL_FABias,r_vta_r_hipp,FA,92,-0.5603,0.57806,R,52,"ICV, Mean_tckstats, Count_tckstats, absolute_motion, maternal_age",20,0.0026,1
SOCIAL_FABias,r_vta_r_hipp,FA,93,-0.5832,0.5627,R,52,"ICV, Mean_tckstats, Count_tckstats, absolute_motion, maternal_age",20,0.0026,1
SOCIAL_FABias,r_vta_r_hipp,FA,94,-0.5758,0.5676,R,52,"ICV, Mean_tckstats, Count_tckstats, absolute_motion, maternal_age",20,0.0026,1
SOCIAL_FABias,r_vta_r_hipp,FA,95,-0.5742,0.56871,R,52,"ICV, Mean_tckstats, Count_tckstats, absolute_motion, maternal_age",20,0.0026,1
SOCIAL_FABias,r_vta_r_hipp,FA,96,-0.5699,0.57157,R,52,"ICV, Mean_tckstats, Count_tckstats, absolute_motion, maternal_age",20,0.0026,1
SOCIAL_FABias,r_vta_r_hipp,FA,97,-0.5727,0.56968,R,52,"ICV, Mean_tckstats, Count_tckstats, absolute_motion, maternal_age",20,0.0026,1
SOCIAL_FABias,r_vta_r_hipp,FA,98,-0.5677,0.57304,R,52,"ICV, Mean_tckstats, Count_tckstats, absolute_motion, maternal_age",20,0.0026,1
SOCIAL_FABias,r_vta_r_hipp,FA,99,-0.5429,0.58991,R,52,"ICV, Mean_tckstats, Count_tckstats, absolute_motion, maternal_age",20,0.0026,1
SOCIAL_dprime,r_vta_r_hipp,FA,0,0.409,0.6845,R,52,"ICV, Mean_tckstats, Count_tckstats, absolute_motion, maternal_age",20,,0
SOCIAL_dprime,r_vta_r_hipp,FA,1,0.5002,0.6194,R,52,"ICV, Mean_tckstats, Count_tckstats, absolute_motion, maternal_age",20,,0
SOCIAL_dprime,r_vta_r_hipp,FA,2,0.5929,0.55622,R,52,"ICV, Mean_tckstats, Count_tckstats, absolute_motion, maternal_age",20,,0
SOCIAL_dprime,r_vta_r_hipp,FA,3,0.7126,0.47979,R,52,"ICV, Mean_tckstats, Count_tckstats, absolute_motion, maternal_age",20,,0
SOCIAL_dprime,r_vta_r_hipp,FA,4,0.7104,0.4811,R,52,"ICV, Mean_tckstats, Count_tckstats, absolute_motion, maternal_age",20,,0
SOCIAL_dprime,r_vta_r_hipp,FA,5,0.6671,0.50815,R,52,"ICV, Mean_tckstats, Count_tckstats, absolute_motion, maternal_age",20,,0
SOCIAL_dprime,r_vta_r_hipp,FA,6,0.6587,0.51345,R,52,"ICV, Mean_tckstats, Count_tckstats, absolute_motion, maternal_age",20,,0
SOCIAL_dprime,r_vta_r_hipp,FA,7,0.6652,0.50935,R,52,"ICV, Mean_tckstats, Count_tckstats, absolute_motion, maternal_age",20,,0
SOCIAL_dprime,r_vta_r_hipp,FA,8,0.6604,0.51239,R,52,"ICV, Mean_tckstats, Count_tckstats, absolute_motion, maternal_age",20,,0
SOCIAL_dprime,r_vta_r_hipp,FA,9,0.6676,0.50781,R,52,"ICV, Mean_tckstats, Count_tckstats, absolute_motion, maternal_age",20,,0
SOCIAL_dprime,r_vta_r_hipp,FA,10,0.6798,0.5001,R,52,"ICV, Mean_tckstats, Count_tckstats, absolute_motion, maternal_age",20,,0
SOCIAL_dprime,r_vta_r_hipp,FA,11,0.6614,0.51175,R,52,"ICV, Mean_tckstats, Count_tckstats, absolute_motion, maternal_age",20,,0
SOCIAL_dprime,r_vta_r_hipp,FA,12,0.6292,0.53243,R,52,"ICV, Mean_tckstats, Count_tckstats, absolute_motion, maternal_age",20,,0
SOCIAL_dprime,r_vta_r_hipp,FA,13,0.6024,0.54996,R,52,"ICV, Mean_tckstats, Count_tckstats, absolute_motion, maternal_age",20,,0
SOCIAL_dprime,r_vta_r_hipp,FA,14,0.5865,0.56046,R,52,"ICV, Mean_tckstats, Count_tckstats, absolute_motion, maternal_age",20,,0
SOCIAL_dprime,r_vta_r_hipp,FA,15,0.5855,0.56111,R,52,"ICV, Mean_tckstats, Count_tckstats, absolute_motion, maternal_age",20,,0
SOCIAL_dprime,r_vta_r_hipp,FA,16,0.5701,0.57145,R,52,"ICV, Mean_tckstats, Count_tckstats, absolute_motion, maternal_age",20,,0
SOCIAL_dprime,r_vta_r_hipp,FA,17,0.5807,0.56433,R,52,"ICV, Mean_tckstats, Count_tckstats, absolute_motion, maternal_age",20,,0
SOCIAL_dprime,r_vta_r_hipp,FA,18,0.5915,0.55716,R,52,"ICV, Mean_tckstats, Count_tckstats, absolute_motion, maternal_age",20,,0
SOCIAL_dprime,r_vta_r_hipp,FA,19,0.5765,0.56716,R,52,"ICV, Mean_tckstats, Count_tckstats, absolute_motion, maternal_age",20,,0
SOCIAL_dprime,r_vta_r_hipp,FA,20,0.5648,0.57499,R,52,"ICV, Mean_tckstats, Count_tckstats, absolute_motion, maternal_age",20,,0
SOCIAL_dprime,r_vta_r_hipp,FA,21,0.5525,0.58337,R,52,"ICV, Mean_tckstats, Count_tckstats, absolute_motion, maternal_age",20,,0
SOCIAL_dprime,r_vta_r_hipp,FA,22,0.5579,0.57968,R,52,"ICV, Mean_tckstats, Count_tckstats, absolute_motion, maternal_age",20,,0
SOCIAL_dprime,r_vta_r_hipp,FA,23,0.5624,0.57665,R,52,"ICV, Mean_tckstats, Count_tckstats, absolute_motion, maternal_age",20,,0
SOCIAL_dprime,r_vta_r_hipp,FA,24,0.6112,0.54416,R,52,"ICV, Mean_tckstats, Count_tckstats, absolute_motion, maternal_age",20,,0
SOCIAL_dprime,r_vta_r_hipp,FA,25,0.6566,0.51481,R,52,"ICV, Mean_tckstats, Count_tckstats, absolute_motion, maternal_age",20,,0
SOCIAL_dprime,r_vta_r_hipp,FA,26,0.7209,0.47472,R,52,"ICV, Mean_tckstats, Count_tckstats, absolute_motion, maternal_age",20,,0
SOCIAL_dprime,r_vta_r_hipp,FA,27,0.7835,0.43743,R,52,"ICV, Mean_tckstats, Count_tckstats, absolute_motion, maternal_age",20,,0
SOCIAL_dprime,r_vta_r_hipp,FA,28,0.8673,0.39036,R,52,"ICV, Mean_tckstats, Count_tckstats, absolute_motion, maternal_age",20,,0
SOCIAL_dprime,r_vta_r_hipp,FA,29,0.9389,0.35281,R,52,"ICV, Mean_tckstats, Count_tckstats, absolute_motion, maternal_age",20,,0
SOCIAL_dprime,r_vta_r_hipp,FA,30,0.9615,0.34145,R,52,"ICV, Mean_tckstats, Count_tckstats, absolute_motion, maternal_age",20,,0
SOCIAL_dprime,r_vta_r_hipp,FA,31,1.0196,0.31335,R,52,"ICV, Mean_tckstats, Count_tckstats, absolute_motion, maternal_age",20,,0
SOCIAL_dprime,r_vta_r_hipp,FA,32,1.0699,0.29036,R,52,"ICV, Mean_tckstats, Count_tckstats, absolute_motion, maternal_age",20,,0
SOCIAL_dprime,r_vta_r_hipp,FA,33,1.081,0.28547,R,52,"ICV, Mean_tckstats, Count_tckstats, absolute_motion, maternal_age",20,,0
SOCIAL_dprime,r_vta_r_hipp,FA,34,1.1188,0.26914,R,52,"ICV, Mean_tckstats, Count_tckstats, absolute_motion, maternal_age",20,,0
SOCIAL_dprime,r_vta_r_hipp,FA,35,1.1913,0.23979,R,52,"ICV, Mean_tckstats, Count_tckstats, absolute_motion, maternal_age",20,,0
SOCIAL_dprime,r_vta_r_hipp,FA,36,1.253,0.21668,R,52,"ICV, Mean_tckstats, Count_tckstats, absolute_motion, maternal_age",20,,0
SOCIAL_dprime,r_vta_r_hipp,FA,37,1.2913,0.2032,R,52,"ICV, Mean_tckstats, Count_tckstats, absolute_motion, maternal_age",20,,0
SOCIAL_dprime,r_vta_r_hipp,FA,38,1.3164,0.19472,R,52,"ICV, Mean_tckstats, Count_tckstats, absolute_motion, maternal_age",20,,0
SOCIAL_dprime,r_vta_r_hipp,FA,39,1.3456,0.18519,R,52,"ICV, Mean_tckstats, Count_tckstats, absolute_motion, maternal_age",20,,0
SOCIAL_dprime,r_vta_r_hipp,FA,40,1.3371,0.18792,R,52,"ICV, Mean_tckstats, Count_tckstats, absolute_motion, maternal_age",20,,0
SOCIAL_dprime,r_vta_r_hipp,FA,41,1.3324,0.18943,R,52,"ICV, Mean_tckstats, Count_tckstats, absolute_motion, maternal_age",20,,0
SOCIAL_dprime,r_vta_r_hipp,FA,42,1.2813,0.20666,R,52,"ICV, Mean_tckstats, Count_tckstats, absolute_motion, maternal_age",20,,0
SOCIAL_dprime,r_vta_r_hipp,FA,43,1.1705,0.24796,R,52,"ICV, Mean_tckstats, Count_tckstats, absolute_motion, maternal_age",20,,0
SOCIAL_dprime,r_vta_r_hipp,FA,44,1.0702,0.29025,R,52,"ICV, Mean_tckstats, Count_tckstats, absolute_motion, maternal_age",20,,0
SOCIAL_dprime,r_vta_r_hipp,FA,45,0.9608,0.34178,R,52,"ICV, Mean_tckstats, Count_tckstats, absolute_motion, maternal_age",20,,0
SOCIAL_dprime,r_vta_r_hipp,FA,46,0.8562,0.3964,R,52,"ICV, Mean_tckstats, Count_tckstats, absolute_motion, maternal_age",20,,0
SOCIAL_dprime,r_vta_r_hipp,FA,47,0.7166,0.47735,R,52,"ICV, Mean_tckstats, Count_tckstats, absolute_motion, maternal_age",20,,0
SOCIAL_dprime,r_vta_r_hipp,FA,48,0.6237,0.53596,R,52,"ICV, Mean_tckstats, Count_tckstats, absolute_motion, maternal_age",20,,0
SOCIAL_dprime,r_vta_r_hipp,FA,49,0.5473,0.5869,R,52,"ICV, Mean_tckstats, Count_tckstats, absolute_motion, maternal_age",20,,0
SOCIAL_dprime,r_vta_r_hipp,FA,50,0.5026,0.61772,R,52,"ICV, Mean_tckstats, Count_tckstats, absolute_motion, maternal_age",20,,0
SOCIAL_dprime,r_vta_r_hipp,FA,51,0.4669,0.64284,R,52,"ICV, Mean_tckstats, Count_tckstats, absolute_motion, maternal_age",20,,0
SOCIAL_dprime,r_vta_r_hipp,FA,52,0.4632,0.64543,R,52,"ICV, Mean_tckstats, Count_tckstats, absolute_motion, maternal_age",20,,0
SOCIAL_dprime,r_vta_r_hipp,FA,53,0.468,0.64204,R,52,"ICV, Mean_tckstats, Count_tckstats, absolute_motion, maternal_age",20,,0
SOCIAL_dprime,r_vta_r_hipp,FA,54,0.4628,0.64573,R,52,"ICV, Mean_tckstats, Count_tckstats, absolute_motion, maternal_age",20,,0
SOCIAL_dprime,r_vta_r_hipp,FA,55,0.4796,0.63384,R,52,"ICV, Mean_tckstats, Count_tckstats, absolute_motion, maternal_age",20,,0
SOCIAL_dprime,r_vta_r_hipp,FA,56,0.4877,0.62815,R,52,"ICV, Mean_tckstats, Count_tckstats, absolute_motion, maternal_age",20,,0
SOCIAL_dprime,r_vta_r_hipp,FA,57,0.495,0.62302,R,52,"ICV, Mean_tckstats, Count_tckstats, absolute_motion, maternal_age",20,,0
SOCIAL_dprime,r_vta_r_hipp,FA,58,0.4977,0.62111,R,52,"ICV, Mean_tckstats, Count_tckstats, absolute_motion, maternal_age",20,,0
SOCIAL_dprime,r_vta_r_hipp,FA,59,0.4735,0.63816,R,52,"ICV, Mean_tckstats, Count_tckstats, absolute_motion, maternal_age",20,,0
SOCIAL_dprime,r_vta_r_hipp,FA,60,0.4371,0.6641,R,52,"ICV, Mean_tckstats, Count_tckstats, absolute_motion, maternal_age",20,,0
SOCIAL_dprime,r_vta_r_hipp,FA,61,0.3973,0.69299,R,52,"ICV, Mean_tckstats, Count_tckstats, absolute_motion, maternal_age",20,,0
SOCIAL_dprime,r_vta_r_hipp,FA,62,0.3561,0.72341,R,52,"ICV, Mean_tckstats, Count_tckstats, absolute_motion, maternal_age",20,,0
SOCIAL_dprime,r_vta_r_hipp,FA,63,0.3034,0.76299,R,52,"ICV, Mean_tckstats, Count_tckstats, absolute_motion, maternal_age",20,,0
SOCIAL_dprime,r_vta_r_hipp,FA,64,0.2325,0.81718,R,52,"ICV, Mean_tckstats, Count_tckstats, absolute_motion, maternal_age",20,,0
SOCIAL_dprime,r_vta_r_hipp,FA,65,0.1692,0.86637,R,52,"ICV, Mean_tckstats, Count_tckstats, absolute_motion, maternal_age",20,,0
SOCIAL_dprime,r_vta_r_hipp,FA,66,0.1134,0.91024,R,52,"ICV, Mean_tckstats, Count_tckstats, absolute_motion, maternal_age",20,,0
SOCIAL_dprime,r_vta_r_hipp,FA,67,0.0863,0.93162,R,52,"ICV, Mean_tckstats, Count_tckstats, absolute_motion, maternal_age",20,,0
SOCIAL_dprime,r_vta_r_hipp,FA,68,0.0836,0.93377,R,52,"ICV, Mean_tckstats, Count_tckstats, absolute_motion, maternal_age",20,,0
SOCIAL_dprime,r_vta_r_hipp,FA,69,0.0914,0.92755,R,52,"ICV, Mean_tckstats, Count_tckstats, absolute_motion, maternal_age",20,,0
SOCIAL_dprime,r_vta_r_hipp,FA,70,0.11,0.91289,R,52,"ICV, Mean_tckstats, Count_tckstats, absolute_motion, maternal_age",20,,0
SOCIAL_dprime,r_vta_r_hipp,FA,71,0.1427,0.88713,R,52,"ICV, Mean_tckstats, Count_tckstats, absolute_motion, maternal_age",20,,0
SOCIAL_dprime,r_vta_r_hipp,FA,72,0.1711,0.8649,R,52,"ICV, Mean_tckstats, Count_tckstats, absolute_motion, maternal_age",20,,0
SOCIAL_dprime,r_vta_r_hipp,FA,73,0.1691,0.86648,R,52,"ICV, Mean_tckstats, Count_tckstats, absolute_motion, maternal_age",20,,0
SOCIAL_dprime,r_vta_r_hipp,FA,74,0.1667,0.86836,R,52,"ICV, Mean_tckstats, Count_tckstats, absolute_motion, maternal_age",20,,0
SOCIAL_dprime,r_vta_r_hipp,FA,75,0.1572,0.87582,R,52,"ICV, Mean_tckstats, Count_tckstats, absolute_motion, maternal_age",20,,0
SOCIAL_dprime,r_vta_r_hipp,FA,76,0.1385,0.89047,R,52,"ICV, Mean_tckstats, Count_tckstats, absolute_motion, maternal_age",20,,0
SOCIAL_dprime,r_vta_r_hipp,FA,77,0.11,0.91292,R,52,"ICV, Mean_tckstats, Count_tckstats, absolute_motion, maternal_age",20,,0
SOCIAL_dprime,r_vta_r_hipp,FA,78,0.0649,0.94854,R,52,"ICV, Mean_tckstats, Count_tckstats, absolute_motion, maternal_age",20,,0
SOCIAL_dprime,r_vta_r_hipp,FA,79,-0.0031,0.99754,R,52,"ICV, Mean_tckstats, Count_tckstats, absolute_motion, maternal_age",20,,0
SOCIAL_dprime,r_vta_r_hipp,FA,80,-0.0318,0.97476,R,52,"ICV, Mean_tckstats, Count_tckstats, absolute_motion, maternal_age",20,,0
SOCIAL_dprime,r_vta_r_hipp,FA,81,-0.0404,0.96799,R,52,"ICV, Mean_tckstats, Count_tckstats, absolute_motion, maternal_age",20,,0
SOCIAL_dprime,r_vta_r_hipp,FA,82,-0.0385,0.96947,R,52,"ICV, Mean_tckstats, Count_tckstats, absolute_motion, maternal_age",20,,0
SOCIAL_dprime,r_vta_r_hipp,FA,83,-0.0063,0.99503,R,52,"ICV, Mean_tckstats, Count_tckstats, absolute_motion, maternal_age",20,,0
SOCIAL_dprime,r_vta_r_hipp,FA,84,0.0574,0.9545,R,52,"ICV, Mean_tckstats, Count_tckstats, absolute_motion, maternal_age",20,,0
SOCIAL_dprime,r_vta_r_hipp,FA,85,0.1303,0.89695,R,52,"ICV, Mean_tckstats, Count_tckstats, absolute_motion, maternal_age",20,,0
SOCIAL_dprime,r_vta_r_hipp,FA,86,0.2589,0.79688,R,52,"ICV, Mean_tckstats, Count_tckstats, absolute_motion, maternal_age",20,,0
SOCIAL_dprime,r_vta_r_hipp,FA,87,0.3729,0.71094,R,52,"ICV, Mean_tckstats, Count_tckstats, absolute_motion, maternal_age",20,,0
SOCIAL_dprime,r_vta_r_hipp,FA,88,0.4602,0.64757,R,52,"ICV, Mean_tckstats, Count_tckstats, absolute_motion, maternal_age",20,,0
SOCIAL_dprime,r_vta_r_hipp,FA,89,0.5363,0.59441,R,52,"ICV, Mean_tckstats, Count_tckstats, absolute_motion, maternal_age",20,,0
SOCIAL_dprime,r_vta_r_hipp,FA,90,0.5919,0.55689,R,52,"ICV, Mean_tckstats, Count_tckstats, absolute_motion, maternal_age",20,,0
SOCIAL_dprime,r_vta_r_hipp,FA,91,0.6259,0.53454,R,52,"ICV, Mean_tckstats, Count_tckstats, absolute_motion, maternal_age",20,,0
SOCIAL_dprime,r_vta_r_hipp,FA,92,0.6074,0.54664,R,52,"ICV, Mean_tckstats, Count_tckstats, absolute_motion, maternal_age",20,,0
SOCIAL_dprime,r_vta_r_hipp,FA,93,0.5776,0.56644,R,52,"ICV, Mean_tckstats, Count_tckstats, absolute_motion, maternal_age",20,,0
SOCIAL_dprime,r_vta_r_hipp,FA,94,0.4966,0.6219,R,52,"ICV, Mean_tckstats, Count_tckstats, absolute_motion, maternal_age",20,,0
SOCIAL_dprime,r_vta_r_hipp,FA,95,0.395,0.6947,R,52,"ICV, Mean_tckstats, Count_tckstats, absolute_motion, maternal_age",20,,0
SOCIAL_dprime,r_vta_r_hipp,FA,96,0.2887,0.77415,R,52,"ICV, Mean_tckstats, Count_tckstats, absolute_motion, maternal_age",20,,0
SOCIAL_dprime,r_vta_r_hipp,FA,97,0.1268,0.89969,R,52,"ICV, Mean_tckstats, Count_tckstats, absolute_motion, maternal_age",20,,0
SOCIAL_dprime,r_vta_r_hipp,FA,98,-0.0232,0.98162,R,52,"ICV, Mean_tckstats, Count_tckstats, absolute_motion, maternal_age",20,,0
SOCIAL_dprime,r_vta_r_hipp,FA,99,-0.1965,0.84507,R,52,"ICV, Mean_tckstats, Count_tckstats, absolute_motion, maternal_age",20,,0
SOCIAL_FABias,r_vta_r_hipp,NDI,0,-3.5297,0.00097,R,52,"ICV, Mean_tckstats, Count_tckstats, absolute_motion, maternal_age",26,0.014,1
SOCIAL_FABias,r_vta_r_hipp,NDI,1,-3.3895,0.00147,R,52,"ICV, Mean_tckstats, Count_tckstats, absolute_motion, maternal_age",26,0.014,1
SOCIAL_FABias,r_vta_r_hipp,NDI,2,-3.2872,0.00197,R,52,"ICV, Mean_tckstats, Count_tckstats, absolute_motion, maternal_age",26,0.014,1
SOCIAL_FABias,r_vta_r_hipp,NDI,3,-3.1599,0.00282,R,52,"ICV, Mean_tckstats, Count_tckstats, absolute_motion, maternal_age",26,0.014,1
SOCIAL_FABias,r_vta_r_hipp,NDI,4,-3.0849,0.00348,R,52,"ICV, Mean_tckstats, Count_tckstats, absolute_motion, maternal_age",26,0.014,1
SOCIAL_FABias,r_vta_r_hipp,NDI,5,-2.9835,0.00459,R,52,"ICV, Mean_tckstats, Count_tckstats, absolute_motion, maternal_age",26,0.014,1
SOCIAL_FABias,r_vta_r_hipp,NDI,6,-2.8736,0.00617,R,52,"ICV, Mean_tckstats, Count_tckstats, absolute_motion, maternal_age",26,0.014,1
SOCIAL_FABias,r_vta_r_hipp,NDI,7,-2.7653,0.00822,R,52,"ICV, Mean_tckstats, Count_tckstats, absolute_motion, maternal_age",26,0.014,1
SOCIAL_FABias,r_vta_r_hipp,NDI,8,-2.6425,0.01128,R,52,"ICV, Mean_tckstats, Count_tckstats, absolute_motion, maternal_age",26,0.014,1
SOCIAL_FABias,r_vta_r_hipp,NDI,9,-2.5021,0.01605,R,52,"ICV, Mean_tckstats, Count_tckstats, absolute_motion, maternal_age",26,0.014,1
SOCIAL_FABias,r_vta_r_hipp,NDI,10,-2.3616,0.02259,R,52,"ICV, Mean_tckstats, Count_tckstats, absolute_motion, maternal_age",26,0.014,1
SOCIAL_FABias,r_vta_r_hipp,NDI,11,-2.2249,0.03115,R,52,"ICV, Mean_tckstats, Count_tckstats, absolute_motion, maternal_age",26,0.014,1
SOCIAL_FABias,r_vta_r_hipp,NDI,12,-2.1109,0.04037,R,52,"ICV, Mean_tckstats, Count_tckstats, absolute_motion, maternal_age",26,0.014,1
SOCIAL_FABias,r_vta_r_hipp,NDI,13,-2.0196,0.04941,R,52,"ICV, Mean_tckstats, Count_tckstats, absolute_motion, maternal_age",26,0.014,1
SOCIAL_FABias,r_vta_r_hipp,NDI,14,-1.9543,0.0569,R,52,"ICV, Mean_tckstats, Count_tckstats, absolute_motion, maternal_age",26,0.014,1
SOCIAL_FABias,r_vta_r_hipp,NDI,15,-1.9169,0.06162,R,52,"ICV, Mean_tckstats, Count_tckstats, absolute_motion, maternal_age",26,0.014,1
SOCIAL_FABias,r_vta_r_hipp,NDI,16,-1.8954,0.06447,R,52,"ICV, Mean_tckstats, Count_tckstats, absolute_motion, maternal_age",26,0.014,1
SOCIAL_FABias,r_vta_r_hipp,NDI,17,-1.8637,0.06889,R,52,"ICV, Mean_tckstats, Count_tckstats, absolute_motion, maternal_age",26,0.014,1
SOCIAL_FABias,r_vta_r_hipp,NDI,18,-1.8575,0.06979,R,52,"ICV, Mean_tckstats, Count_tckstats, absolute_motion, maternal_age",26,0.014,1
SOCIAL_FABias,r_vta_r_hipp,NDI,19,-1.8594,0.06952,R,52,"ICV, Mean_tckstats, Count_tckstats, absolute_motion, maternal_age",26,0.014,1
SOCIAL_FABias,r_vta_r_hipp,NDI,20,-1.8489,0.07105,R,52,"ICV, Mean_tckstats, Count_tckstats, absolute_motion, maternal_age",26,0.014,1
SOCIAL_FABias,r_vta_r_hipp,NDI,21,-1.8426,0.07198,R,52,"ICV, Mean_tckstats, Count_tckstats, absolute_motion, maternal_age",26,0.014,1
SOCIAL_FABias,r_vta_r_hipp,NDI,22,-1.8688,0.06817,R,52,"ICV, Mean_tckstats, Count_tckstats, absolute_motion, maternal_age",26,0.014,1
SOCIAL_FABias,r_vta_r_hipp,NDI,23,-1.9085,0.06272,R,52,"ICV, Mean_tckstats, Count_tckstats, absolute_motion, maternal_age",26,0.014,1
SOCIAL_FABias,r_vta_r_hipp,NDI,24,-1.9831,0.05348,R,52,"ICV, Mean_tckstats, Count_tckstats, absolute_motion, maternal_age",26,0.014,1
SOCIAL_FABias,r_vta_r_hipp,NDI,25,-2.0771,0.04353,R,52,"ICV, Mean_tckstats, Count_tckstats, absolute_motion, maternal_age",26,0.014,1
SOCIAL_FABias,r_vta_r_hipp,NDI,26,-2.1895,0.03379,R,52,"ICV, Mean_tckstats, Count_tckstats, absolute_motion, maternal_age",26,0.014,1
SOCIAL_FABias,r_vta_r_hipp,NDI,27,-2.3178,0.02506,R,52,"ICV, Mean_tckstats, Count_tckstats, absolute_motion, maternal_age",26,0.014,1
SOCIAL_FABias,r_vta_r_hipp,NDI,28,-2.4436,0.01852,R,52,"ICV, Mean_tckstats, Count_tckstats, absolute_motion, maternal_age",26,0.014,1
SOCIAL_FABias,r_vta_r_hipp,NDI,29,-2.583,0.01312,R,52,"ICV, Mean_tckstats, Count_tckstats, absolute_motion, maternal_age",26,0.014,1
SOCIAL_FABias,r_vta_r_hipp,NDI,30,-2.6755,0.01037,R,52,"ICV, Mean_tckstats, Count_tckstats, absolute_motion, maternal_age",26,0.014,1
SOCIAL_FABias,r_vta_r_hipp,NDI,31,-2.7582,0.00837,R,52,"ICV, Mean_tckstats, Count_tckstats, absolute_motion, maternal_age",26,0.014,1
SOCIAL_FABias,r_vta_r_hipp,NDI,32,-2.8512,0.00655,R,52,"ICV, Mean_tckstats, Count_tckstats, absolute_motion, maternal_age",26,0.014,1
SOCIAL_FABias,r_vta_r_hipp,NDI,33,-2.9352,0.00523,R,52,"ICV, Mean_tckstats, Count_tckstats, absolute_motion, maternal_age",26,0.014,1
SOCIAL_FABias,r_vta_r_hipp,NDI,34,-3.0277,0.00407,R,52,"ICV, Mean_tckstats, Count_tckstats, absolute_motion, maternal_age",26,0.014,1
SOCIAL_FABias,r_vta_r_hipp,NDI,35,-3.121,0.00314,R,52,"ICV, Mean_tckstats, Count_tckstats, absolute_motion, maternal_age",26,0.014,1
SOCIAL_FABias,r_vta_r_hipp,NDI,36,-3.1949,0.00256,R,52,"ICV, Mean_tckstats, Count_tckstats, absolute_motion, maternal_age",26,0.014,1
SOCIAL_FABias,r_vta_r_hipp,NDI,37,-3.265,0.0021,R,52,"ICV, Mean_tckstats, Count_tckstats, absolute_motion, maternal_age",26,0.014,1
SOCIAL_FABias,r_vta_r_hipp,NDI,38,-3.3092,0.00185,R,52,"ICV, Mean_tckstats, Count_tckstats, absolute_motion, maternal_age",26,0.014,1
SOCIAL_FABias,r_vta_r_hipp,NDI,39,-3.3615,0.00159,R,52,"ICV, Mean_tckstats, Count_tckstats, absolute_motion, maternal_age",26,0.014,1
SOCIAL_FABias,r_vta_r_hipp,NDI,40,-3.3875,0.00147,R,52,"ICV, Mean_tckstats, Count_tckstats, absolute_motion, maternal_age",26,0.014,1
SOCIAL_FABias,r_vta_r_hipp,NDI,41,-3.3795,0.00151,R,52,"ICV, Mean_tckstats, Count_tckstats, absolute_motion, maternal_age",26,0.014,1
SOCIAL_FABias,r_vta_r_hipp,NDI,42,-3.3967,0.00144,R,52,"ICV, Mean_tckstats, Count_tckstats, absolute_motion, maternal_age",26,0.014,1
SOCIAL_FABias,r_vta_r_hipp,NDI,43,-3.4015,0.00142,R,52,"ICV, Mean_tckstats, Count_tckstats, absolute_motion, maternal_age",26,0.014,1
SOCIAL_FABias,r_vta_r_hipp,NDI,44,-3.3905,0.00146,R,52,"ICV, Mean_tckstats, Count_tckstats, absolute_motion, maternal_age",26,0.014,1
SOCIAL_FABias,r_vta_r_hipp,NDI,45,-3.4151,0.00136,R,52,"ICV, Mean_tckstats, Count_tckstats, absolute_motion, maternal_age",26,0.014,1
SOCIAL_FABias,r_vta_r_hipp,NDI,46,-3.4264,0.00132,R,52,"ICV, Mean_tckstats, Count_tckstats, absolute_motion, maternal_age",26,0.014,1
SOCIAL_FABias,r_vta_r_hipp,NDI,47,-3.4254,0.00132,R,52,"ICV, Mean_tckstats, Count_tckstats, absolute_motion, maternal_age",26,0.014,1
SOCIAL_FABias,r_vta_r_hipp,NDI,48,-3.4125,0.00137,R,52,"ICV, Mean_tckstats, Count_tckstats, absolute_motion, maternal_age",26,0.014,1
SOCIAL_FABias,r_vta_r_hipp,NDI,49,-3.3898,0.00146,R,52,"ICV, Mean_tckstats, Count_tckstats, absolute_motion, maternal_age",26,0.014,1
SOCIAL_FABias,r_vta_r_hipp,NDI,50,-3.3361,0.00171,R,52,"ICV, Mean_tckstats, Count_tckstats, absolute_motion, maternal_age",26,0.014,1
SOCIAL_FABias,r_vta_r_hipp,NDI,51,-3.2628,0.00211,R,52,"ICV, Mean_tckstats, Count_tckstats, absolute_motion, maternal_age",26,0.014,1
SOCIAL_FABias,r_vta_r_hipp,NDI,52,-3.2057,0.00248,R,52,"ICV, Mean_tckstats, Count_tckstats, absolute_motion, maternal_age",26,0.014,1
SOCIAL_FABias,r_vta_r_hipp,NDI,53,-3.0861,0.00346,R,52,"ICV, Mean_tckstats, Count_tckstats, absolute_motion, maternal_age",26,0.014,1
SOCIAL_FABias,r_vta_r_hipp,NDI,54,-2.9493,0.00504,R,52,"ICV, Mean_tckstats, Count_tckstats, absolute_motion, maternal_age",26,0.014,1
SOCIAL_FABias,r_vta_r_hipp,NDI,55,-2.8214,0.00709,R,52,"ICV, Mean_tckstats, Count_tckstats, absolute_motion, maternal_age",26,0.014,1
SOCIAL_FABias,r_vta_r_hipp,NDI,56,-2.7023,0.00968,R,52,"ICV, Mean_tckstats, Count_tckstats, absolute_motion, maternal_age",26,0.014,1
SOCIAL_FABias,r_vta_r_hipp,NDI,57,-2.5995,0.01258,R,52,"ICV, Mean_tckstats, Count_tckstats, absolute_motion, maternal_age",26,0.014,1
SOCIAL_FABias,r_vta_r_hipp,NDI,58,-2.5144,0.01557,R,52,"ICV, Mean_tckstats, Count_tckstats, absolute_motion, maternal_age",26,0.014,1
SOCIAL_FABias,r_vta_r_hipp,NDI,59,-2.4538,0.01807,R,52,"ICV, Mean_tckstats, Count_tckstats, absolute_motion, maternal_age",26,0.014,1
SOCIAL_FABias,r_vta_r_hipp,NDI,60,-2.4022,0.02048,R,52,"ICV, Mean_tckstats, Count_tckstats, absolute_motion, maternal_age",26,0.014,1
SOCIAL_FABias,r_vta_r_hipp,NDI,61,-2.3619,0.02257,R,52,"ICV, Mean_tckstats, Count_tckstats, absolute_motion, maternal_age",26,0.014,1
SOCIAL_FABias,r_vta_r_hipp,NDI,62,-2.2979,0.02627,R,52,"ICV, Mean_tckstats, Count_tckstats, absolute_motion, maternal_age",26,0.014,1
SOCIAL_FABias,r_vta_r_hipp,NDI,63,-2.2288,0.03087,R,52,"ICV, Mean_tckstats, Count_tckstats, absolute_motion, maternal_age",26,0.014,1
SOCIAL_FABias,r_vta_r_hipp,NDI,64,-2.1491,0.03704,R,52,"ICV, Mean_tckstats, Count_tckstats, absolute_motion, maternal_age",26,0.014,1
SOCIAL_FABias,r_vta_r_hipp,NDI,65,-2.0804,0.04321,R,52,"ICV, Mean_tckstats, Count_tckstats, absolute_motion, maternal_age",26,0.014,1
SOCIAL_FABias,r_vta_r_hipp,NDI,66,-2.0103,0.05041,R,52,"ICV, Mean_tckstats, Count_tckstats, absolute_motion, maternal_age",26,0.014,1
SOCIAL_FABias,r_vta_r_hipp,NDI,67,-1.9531,0.05704,R,52,"ICV, Mean_tckstats, Count_tckstats, absolute_motion, maternal_age",26,0.014,1
SOCIAL_FABias,r_vta_r_hipp,NDI,68,-1.9008,0.06375,R,52,"ICV, Mean_tckstats, Count_tckstats, absolute_motion, maternal_age",26,0.014,1
SOCIAL_FABias,r_vta_r_hipp,NDI,69,-1.8508,0.07077,R,52,"ICV, Mean_tckstats, Count_tckstats, absolute_motion, maternal_age",26,0.014,1
SOCIAL_FABias,r_vta_r_hipp,NDI,70,-1.7982,0.07885,R,52,"ICV, Mean_tckstats, Count_tckstats, absolute_motion, maternal_age",26,0.014,1
SOCIAL_FABias,r_vta_r_hipp,NDI,71,-1.7474,0.08738,R,52,"ICV, Mean_tckstats, Count_tckstats, absolute_motion, maternal_age",26,0.014,1
SOCIAL_FABias,r_vta_r_hipp,NDI,72,-1.7188,0.09253,R,52,"ICV, Mean_tckstats, Count_tckstats, absolute_motion, maternal_age",26,0.014,1
SOCIAL_FABias,r_vta_r_hipp,NDI,73,-1.687,0.09853,R,52,"ICV, Mean_tckstats, Count_tckstats, absolute_motion, maternal_age",26,0.014,1
SOCIAL_FABias,r_vta_r_hipp,NDI,74,-1.6721,0.10145,R,52,"ICV, Mean_tckstats, Count_tckstats, absolute_motion, maternal_age",26,0.014,1
SOCIAL_FABias,r_vta_r_hipp,NDI,75,-1.6493,0.10605,R,52,"ICV, Mean_tckstats, Count_tckstats, absolute_motion, maternal_age",26,0.014,1
SOCIAL_FABias,r_vta_r_hipp,NDI,76,-1.6468,0.10657,R,52,"ICV, Mean_tckstats, Count_tckstats, absolute_motion, maternal_age",26,0.014,1
SOCIAL_FABias,r_vta_r_hipp,NDI,77,-1.6607,0.10372,R,52,"ICV, Mean_tckstats, Count_tckstats, absolute_motion, maternal_age",26,0.014,1
SOCIAL_FABias,r_vta_r_hipp,NDI,78,-1.6911,0.09773,R,52,"ICV, Mean_tckstats, Count_tckstats, absolute_motion, maternal_age",26,0.014,1
SOCIAL_FABias,r_vta_r_hipp,NDI,79,-1.714,0.09341,R,52,"ICV, Mean_tckstats, Count_tckstats, absolute_motion, maternal_age",26,0.014,1
SOCIAL_FABias,r_vta_r_hipp,NDI,80,-1.7003,0.09597,R,52,"ICV, Mean_tckstats, Count_tckstats, absolute_motion, maternal_age",26,0.014,1
SOCIAL_FABias,r_vta_r_hipp,NDI,81,-1.6813,0.09963,R,52,"ICV, Mean_tckstats, Count_tckstats, absolute_motion, maternal_age",26,0.014,1
SOCIAL_FABias,r_vta_r_hipp,NDI,82,-1.6758,0.10071,R,52,"ICV, Mean_tckstats, Count_tckstats, absolute_motion, maternal_age",26,0.014,1
SOCIAL_FABias,r_vta_r_hipp,NDI,83,-1.6563,0.10462,R,52,"ICV, Mean_tckstats, Count_tckstats, absolute_motion, maternal_age",26,0.014,1
SOCIAL_FABias,r_vta_r_hipp,NDI,84,-1.6181,0.11264,R,52,"ICV, Mean_tckstats, Count_tckstats, absolute_motion, maternal_age",26,0.014,1
SOCIAL_FABias,r_vta_r_hipp,NDI,85,-1.6374,0.10851,R,52,"ICV, Mean_tckstats, Count_tckstats, absolute_motion, maternal_age",26,0.014,1
SOCIAL_FABias,r_vta_r_hipp,NDI,86,-1.6422,0.10753,R,52,"ICV, Mean_tckstats, Count_tckstats, absolute_motion, maternal_age",26,0.014,1
SOCIAL_FABias,r_vta_r_hipp,NDI,87,-1.6618,0.1035,R,52,"ICV, Mean_tckstats, Count_tckstats, absolute_motion, maternal_age",26,0.014,1
SOCIAL_FABias,r_vta_r_hipp,NDI,88,-1.664,0.10306,R,52,"ICV, Mean_tckstats, Count_tckstats, absolute_motion, maternal_age",26,0.014,1
SOCIAL_FABias,r_vta_r_hipp,NDI,89,-1.6496,0.10599,R,52,"ICV, Mean_tckstats, Count_tckstats, absolute_motion, maternal_age",26,0.014,1
SOCIAL_FABias,r_vta_r_hipp,NDI,90,-1.6428,0.1074,R,52,"ICV, Mean_tckstats, Count_tckstats, absolute_motion, maternal_age",26,0.014,1
SOCIAL_FABias,r_vta_r_hipp,NDI,91,-1.647,0.10653,R,52,"ICV, Mean_tckstats, Count_tckstats, absolute_motion, maternal_age",26,0.014,1
SOCIAL_FABias,r_vta_r_hipp,NDI,92,-1.6292,0.11025,R,52,"ICV, Mean_tckstats, Count_tckstats, absolute_motion, maternal_age",26,0.014,1
SOCIAL_FABias,r_vta_r_hipp,NDI,93,-1.6337,0.1093,R,52,"ICV, Mean_tckstats, Count_tckstats, absolute_motion, maternal_age",26,0.014,1
SOCIAL_FABias,r_vta_r_hipp,NDI,94,-1.5812,0.12083,R,52,"ICV, Mean_tckstats, Count_tckstats, absolute_motion, maternal_age",26,0.014,1
SOCIAL_FABias,r_vta_r_hipp,NDI,95,-1.5368,0.13134,R,52,"ICV, Mean_tckstats, Count_tckstats, absolute_motion, maternal_age",26,0.014,1
SOCIAL_FABias,r_vta_r_hipp,NDI,96,-1.4792,0.14607,R,52,"ICV, Mean_tckstats, Count_tckstats, absolute_motion, maternal_age",26,0.014,1
SOCIAL_FABias,r_vta_r_hipp,NDI,97,-1.4547,0.1527,R,52,"ICV, Mean_tckstats, Count_tckstats, absolute_motion, maternal_age",26,0.014,1
SOCIAL_FABias,r_vta_r_hipp,NDI,98,-1.4404,0.15667,R,52,"ICV, Mean_tckstats, Count_tckstats, absolute_motion, maternal_age",26,0.014,1
SOCIAL_FABias,r_vta_r_hipp,NDI,99,-1.4028,0.16754,R,52,"ICV, Mean_tckstats, Count_tckstats, absolute_motion, maternal_age",26,0.014,1
SOCIAL_dprime,r_vta_r_hipp,NDI,0,1.259,0.21454,R,52,"ICV, Mean_tckstats, Count_tckstats, absolute_motion, maternal_age",26,,0
SOCIAL_dprime,r_vta_r_hipp,NDI,1,1.2859,0.20505,R,52,"ICV, Mean_tckstats, Count_tckstats, absolute_motion, maternal_age",26,,0
SOCIAL_dprime,r_vta_r_hipp,NDI,2,1.3158,0.19492,R,52,"ICV, Mean_tckstats, Count_tckstats, absolute_motion, maternal_age",26,,0
SOCIAL_dprime,r_vta_r_hipp,NDI,3,1.3419,0.18635,R,52,"ICV, Mean_tckstats, Count_tckstats, absolute_motion, maternal_age",26,,0
SOCIAL_dprime,r_vta_r_hipp,NDI,4,1.3114,0.19638,R,52,"ICV, Mean_tckstats, Count_tckstats, absolute_motion, maternal_age",26,,0
SOCIAL_dprime,r_vta_r_hipp,NDI,5,1.2654,0.21224,R,52,"ICV, Mean_tckstats, Count_tckstats, absolute_motion, maternal_age",26,,0
SOCIAL_dprime,r_vta_r_hipp,NDI,6,1.2333,0.22388,R,52,"ICV, Mean_tckstats, Count_tckstats, absolute_motion, maternal_age",26,,0
SOCIAL_dprime,r_vta_r_hipp,NDI,7,1.2238,0.22738,R,52,"ICV, Mean_tckstats, Count_tckstats, absolute_motion, maternal_age",26,,0
SOCIAL_dprime,r_vta_r_hipp,NDI,8,1.2076,0.23349,R,52,"ICV, Mean_tckstats, Count_tckstats, absolute_motion, maternal_age",26,,0
SOCIAL_dprime,r_vta_r_hipp,NDI,9,1.1732,0.2469,R,52,"ICV, Mean_tckstats, Count_tckstats, absolute_motion, maternal_age",26,,0
SOCIAL_dprime,r_vta_r_hipp,NDI,10,1.1517,0.25551,R,52,"ICV, Mean_tckstats, Count_tckstats, absolute_motion, maternal_age",26,,0
SOCIAL_dprime,r_vta_r_hipp,NDI,11,1.1175,0.2697,R,52,"ICV, Mean_tckstats, Count_tckstats, absolute_motion, maternal_age",26,,0
SOCIAL_dprime,r_vta_r_hipp,NDI,12,1.0576,0.29587,R,52,"ICV, Mean_tckstats, Count_tckstats, absolute_motion, maternal_age",26,,0
SOCIAL_dprime,r_vta_r_hipp,NDI,13,1.0062,0.3197,R,52,"ICV, Mean_tckstats, Count_tckstats, absolute_motion, maternal_age",26,,0
SOCIAL_dprime,r_vta_r_hipp,NDI,14,0.9734,0.33554,R,52,"ICV, Mean_tckstats, Count_tckstats, absolute_motion, maternal_age",26,,0
SOCIAL_dprime,r_vta_r_hipp,NDI,15,0.9745,0.33502,R,52,"ICV, Mean_tckstats, Count_tckstats, absolute_motion, maternal_age",26,,0
SOCIAL_dprime,r_vta_r_hipp,NDI,16,0.9434,0.35054,R,52,"ICV, Mean_tckstats, Count_tckstats, absolute_motion, maternal_age",26,,0
SOCIAL_dprime,r_vta_r_hipp,NDI,17,0.9016,0.37209,R,52,"ICV, Mean_tckstats, Count_tckstats, absolute_motion, maternal_age",26,,0
SOCIAL_dprime,r_vta_r_hipp,NDI,18,0.866,0.3911,R,52,"ICV, Mean_tckstats, Count_tckstats, absolute_motion, maternal_age",26,,0
SOCIAL_dprime,r_vta_r_hipp,NDI,19,0.8167,0.41838,R,52,"ICV, Mean_tckstats, Count_tckstats, absolute_motion, maternal_age",26,,0
SOCIAL_dprime,r_vta_r_hipp,NDI,20,0.7647,0.44846,R,52,"ICV, Mean_tckstats, Count_tckstats, absolute_motion, maternal_age",26,,0
SOCIAL_dprime,r_vta_r_hipp,NDI,21,0.7163,0.47749,R,52,"ICV, Mean_tckstats, Count_tckstats, absolute_motion, maternal_age",26,,0
SOCIAL_dprime,r_vta_r_hipp,NDI,22,0.7067,0.48342,R,52,"ICV, Mean_tckstats, Count_tckstats, absolute_motion, maternal_age",26,,0
SOCIAL_dprime,r_vta_r_hipp,NDI,23,0.6944,0.491,R,52,"ICV, Mean_tckstats, Count_tckstats, absolute_motion, maternal_age",26,,0
SOCIAL_dprime,r_vta_r_hipp,NDI,24,0.7072,0.48312,R,52,"ICV, Mean_tckstats, Count_tckstats, absolute_motion, maternal_age",26,,0
SOCIAL_dprime,r_vta_r_hipp,NDI,25,0.7154,0.47806,R,52,"ICV, Mean_tckstats, Count_tckstats, absolute_motion, maternal_age",26,,0
SOCIAL_dprime,r_vta_r_hipp,NDI,26,0.729,0.46981,R,52,"ICV, Mean_tckstats, Count_tckstats, absolute_motion, maternal_age",26,,0
SOCIAL_dprime,r_vta_r_hipp,NDI,27,0.7486,0.458,R,52,"ICV, Mean_tckstats, Count_tckstats, absolute_motion, maternal_age",26,,0
SOCIAL_dprime,r_vta_r_hipp,NDI,28,0.7735,0.44327,R,52,"ICV, Mean_tckstats, Count_tckstats, absolute_motion, maternal_age",26,,0
SOCIAL_dprime,r_vta_r_hipp,NDI,29,0.8007,0.4275,R,52,"ICV, Mean_tckstats, Count_tckstats, absolute_motion, maternal_age",26,,0
SOCIAL_dprime,r_vta_r_hipp,NDI,30,0.805,0.42505,R,52,"ICV, Mean_tckstats, Count_tckstats, absolute_motion, maternal_age",26,,0
SOCIAL_dprime,r_vta_r_hipp,NDI,31,0.8519,0.39879,R,52,"ICV, Mean_tckstats, Count_tckstats, absolute_motion, maternal_age",26,,0
SOCIAL_dprime,r_vta_r_hipp,NDI,32,0.881,0.38302,R,52,"ICV, Mean_tckstats, Count_tckstats, absolute_motion, maternal_age",26,,0
SOCIAL_dprime,r_vta_r_hipp,NDI,33,0.952,0.34619,R,52,"ICV, Mean_tckstats, Count_tckstats, absolute_motion, maternal_age",26,,0
SOCIAL_dprime,r_vta_r_hipp,NDI,34,1.0441,0.30203,R,52,"ICV, Mean_tckstats, Count_tckstats, absolute_motion, maternal_age",26,,0
SOCIAL_dprime,r_vta_r_hipp,NDI,35,1.1393,0.2606,R,52,"ICV, Mean_tckstats, Count_tckstats, absolute_motion, maternal_age",26,,0
SOCIAL_dprime,r_vta_r_hipp,NDI,36,1.2307,0.22483,R,52,"ICV, Mean_tckstats, Count_tckstats, absolute_motion, maternal_age",26,,0
SOCIAL_dprime,r_vta_r_hipp,NDI,37,1.3186,0.19398,R,52,"ICV, Mean_tckstats, Count_tckstats, absolute_motion, maternal_age",26,,0
SOCIAL_dprime,r_vta_r_hipp,NDI,38,1.4033,0.1674,R,52,"ICV, Mean_tckstats, Count_tckstats, absolute_motion, maternal_age",26,,0
SOCIAL_dprime,r_vta_r_hipp,NDI,39,1.4872,0.14394,R,52,"ICV, Mean_tckstats, Count_tckstats, absolute_motion, maternal_age",26,,0
SOCIAL_dprime,r_vta_r_hipp,NDI,40,1.5509,0.12793,R,52,"ICV, Mean_tckstats, Count_tckstats, absolute_motion, maternal_age",26,,0
SOCIAL_dprime,r_vta_r_hipp,NDI,41,1.6016,0.11624,R,52,"ICV, Mean_tckstats, Count_tckstats, absolute_motion, maternal_age",26,,0
SOCIAL_dprime,r_vta_r_hipp,NDI,42,1.6411,0.10775,R,52,"ICV, Mean_tckstats, Count_tckstats, absolute_motion, maternal_age",26,,0
SOCIAL_dprime,r_vta_r_hipp,NDI,43,1.6355,0.10893,R,52,"ICV, Mean_tckstats, Count_tckstats, absolute_motion, maternal_age",26,,0
SOCIAL_dprime,r_vta_r_hipp,NDI,44,1.6409,0.10779,R,52,"ICV, Mean_tckstats, Count_tckstats, absolute_motion, maternal_age",26,,0
SOCIAL_dprime,r_vta_r_hipp,NDI,45,1.6414,0.1077,R,52,"ICV, Mean_tckstats, Count_tckstats, absolute_motion, maternal_age",26,,0
SOCIAL_dprime,r_vta_r_hipp,NDI,46,1.6245,0.11126,R,52,"ICV, Mean_tckstats, Count_tckstats, absolute_motion, maternal_age",26,,0
SOCIAL_dprime,r_vta_r_hipp,NDI,47,1.5978,0.11708,R,52,"ICV, Mean_tckstats, Count_tckstats, absolute_motion, maternal_age",26,,0
SOCIAL_dprime,r_vta_r_hipp,NDI,48,1.5688,0.1237,R,52,"ICV, Mean_tckstats, Count_tckstats, absolute_motion, maternal_age",26,,0
SOCIAL_dprime,r_vta_r_hipp,NDI,49,1.552,0.12767,R,52,"ICV, Mean_tckstats, Count_tckstats, absolute_motion, maternal_age",26,,0
SOCIAL_dprime,r_vta_r_hipp,NDI,50,1.5341,0.132,R,52,"ICV, Mean_tckstats, Count_tckstats, absolute_motion, maternal_age",26,,0
SOCIAL_dprime,r_vta_r_hipp,NDI,51,1.5176,0.1361,R,52,"ICV, Mean_tckstats, Count_tckstats, absolute_motion, maternal_age",26,,0
SOCIAL_dprime,r_vta_r_hipp,NDI,52,1.4864,0.14415,R,52,"ICV, Mean_tckstats, Count_tckstats, absolute_motion, maternal_age",26,,0
SOCIAL_dprime,r_vta_r_hipp,NDI,53,1.4344,0.15836,R,52,"ICV, Mean_tckstats, Count_tckstats, absolute_motion, maternal_age",26,,0
SOCIAL_dprime,r_vta_r_hipp,NDI,54,1.3662,0.17867,R,52,"ICV, Mean_tckstats, Count_tckstats, absolute_motion, maternal_age",26,,0
SOCIAL_dprime,r_vta_r_hipp,NDI,55,1.3121,0.19614,R,52,"ICV, Mean_tckstats, Count_tckstats, absolute_motion, maternal_age",26,,0
SOCIAL_dprime,r_vta_r_hipp,NDI,56,1.2752,0.20879,R,52,"ICV, Mean_tckstats, Count_tckstats, absolute_motion, maternal_age",26,,0
SOCIAL_dprime,r_vta_r_hipp,NDI,57,1.2252,0.22686,R,52,"ICV, Mean_tckstats, Count_tckstats, absolute_motion, maternal_age",26,,0
SOCIAL_dprime,r_vta_r_hipp,NDI,58,1.1834,0.24286,R,52,"ICV, Mean_tckstats, Count_tckstats, absolute_motion, maternal_age",26,,0
SOCIAL_dprime,r_vta_r_hipp,NDI,59,1.154,0.25461,R,52,"ICV, Mean_tckstats, Count_tckstats, absolute_motion, maternal_age",26,,0
SOCIAL_dprime,r_vta_r_hipp,NDI,60,1.1177,0.26962,R,52,"ICV, Mean_tckstats, Count_tckstats, absolute_motion, maternal_age",26,,0
SOCIAL_dprime,r_vta_r_hipp,NDI,61,1.0871,0.28279,R,52,"ICV, Mean_tckstats, Count_tckstats, absolute_motion, maternal_age",26,,0
SOCIAL_dprime,r_vta_r_hipp,NDI,62,1.0703,0.29021,R,52,"ICV, Mean_tckstats, Count_tckstats, absolute_motion, maternal_age",26,,0
SOCIAL_dprime,r_vta_r_hipp,NDI,63,1.0549,0.29708,R,52,"ICV, Mean_tckstats, Count_tckstats, absolute_motion, maternal_age",26,,0
SOCIAL_dprime,r_vta_r_hipp,NDI,64,1.0496,0.2995,R,52,"ICV, Mean_tckstats, Count_tckstats, absolute_motion, maternal_age",26,,0
SOCIAL_dprime,r_vta_r_hipp,NDI,65,1.0329,0.30715,R,52,"ICV, Mean_tckstats, Count_tckstats, absolute_motion, maternal_age",26,,0
SOCIAL_dprime,r_vta_r_hipp,NDI,66,1.0322,0.30748,R,52,"ICV, Mean_tckstats, Count_tckstats, absolute_motion, maternal_age",26,,0
SOCIAL_dprime,r_vta_r_hipp,NDI,67,1.0302,0.3084,R,52,"ICV, Mean_tckstats, Count_tckstats, absolute_motion, maternal_age",26,,0
SOCIAL_dprime,r_vta_r_hipp,NDI,68,1.0325,0.30734,R,52,"ICV, Mean_tckstats, Count_tckstats, absolute_motion, maternal_age",26,,0
SOCIAL_dprime,r_vta_r_hipp,NDI,69,1.0298,0.30863,R,52,"ICV, Mean_tckstats, Count_tckstats, absolute_motion, maternal_age",26,,0
SOCIAL_dprime,r_vta_r_hipp,NDI,70,1.0109,0.31749,R,52,"ICV, Mean_tckstats, Count_tckstats, absolute_motion, maternal_age",26,,0
SOCIAL_dprime,r_vta_r_hipp,NDI,71,0.9851,0.32984,R,52,"ICV, Mean_tckstats, Count_tckstats, absolute_motion, maternal_age",26,,0
SOCIAL_dprime,r_vta_r_hipp,NDI,72,0.9569,0.34373,R,52,"ICV, Mean_tckstats, Count_tckstats, absolute_motion, maternal_age",26,,0
SOCIAL_dprime,r_vta_r_hipp,NDI,73,0.8963,0.37485,R,52,"ICV, Mean_tckstats, Count_tckstats, absolute_motion, maternal_age",26,,0
SOCIAL_dprime,r_vta_r_hipp,NDI,74,0.8464,0.4018,R,52,"ICV, Mean_tckstats, Count_tckstats, absolute_motion, maternal_age",26,,0
SOCIAL_dprime,r_vta_r_hipp,NDI,75,0.8004,0.42769,R,52,"ICV, Mean_tckstats, Count_tckstats, absolute_motion, maternal_age",26,,0
SOCIAL_dprime,r_vta_r_hipp,NDI,76,0.7608,0.45072,R,52,"ICV, Mean_tckstats, Count_tckstats, absolute_motion, maternal_age",26,,0
SOCIAL_dprime,r_vta_r_hipp,NDI,77,0.7311,0.46851,R,52,"ICV, Mean_tckstats, Count_tckstats, absolute_motion, maternal_age",26,,0
SOCIAL_dprime,r_vta_r_hipp,NDI,78,0.7117,0.48031,R,52,"ICV, Mean_tckstats, Count_tckstats, absolute_motion, maternal_age",26,,0
SOCIAL_dprime,r_vta_r_hipp,NDI,79,0.7059,0.48386,R,52,"ICV, Mean_tckstats, Count_tckstats, absolute_motion, maternal_age",26,,0
SOCIAL_dprime,r_vta_r_hipp,NDI,80,0.7113,0.48057,R,52,"ICV, Mean_tckstats, Count_tckstats, absolute_motion, maternal_age",26,,0
SOCIAL_dprime,r_vta_r_hipp,NDI,81,0.708,0.48257,R,52,"ICV, Mean_tckstats, Count_tckstats, absolute_motion, maternal_age",26,,0
SOCIAL_dprime,r_vta_r_hipp,NDI,82,0.7059,0.48388,R,52,"ICV, Mean_tckstats, Count_tckstats, absolute_motion, maternal_age",26,,0
SOCIAL_dprime,r_vta_r_hipp,NDI,83,0.7078,0.48275,R,52,"ICV, Mean_tckstats, Count_tckstats, absolute_motion, maternal_age",26,,0
SOCIAL_dprime,r_vta_r_hipp,NDI,84,0.7205,0.47495,R,52,"ICV, Mean_tckstats, Count_tckstats, absolute_motion, maternal_age",26,,0
SOCIAL_dprime,r_vta_r_hipp,NDI,85,0.7557,0.45377,R,52,"ICV, Mean_tckstats, Count_tckstats, absolute_motion, maternal_age",26,,0
SOCIAL_dprime,r_vta_r_hipp,NDI,86,0.7349,0.46624,R,52,"ICV, Mean_tckstats, Count_tckstats, absolute_motion, maternal_age",26,,0
SOCIAL_dprime,r_vta_r_hipp,NDI,87,0.7143,0.47873,R,52,"ICV, Mean_tckstats, Count_tckstats, absolute_motion, maternal_age",26,,0
SOCIAL_dprime,r_vta_r_hipp,NDI,88,0.625,0.53515,R,52,"ICV, Mean_tckstats, Count_tckstats, absolute_motion, maternal_age",26,,0
SOCIAL_dprime,r_vta_r_hipp,NDI,89,0.5093,0.61304,R,52,"ICV, Mean_tckstats, Count_tckstats, absolute_motion, maternal_age",26,,0
SOCIAL_dprime,r_vta_r_hipp,NDI,90,0.383,0.70353,R,52,"ICV, Mean_tckstats, Count_tckstats, absolute_motion, maternal_age",26,,0
SOCIAL_dprime,r_vta_r_hipp,NDI,91,0.2876,0.77495,R,52,"ICV, Mean_tckstats, Count_tckstats, absolute_motion, maternal_age",26,,0
SOCIAL_dprime,r_vta_r_hipp,NDI,92,0.1329,0.89487,R,52,"ICV, Mean_tckstats, Count_tckstats, absolute_motion, maternal_age",26,,0
SOCIAL_dprime,r_vta_r_hipp,NDI,93,0.0251,0.98012,R,52,"ICV, Mean_tckstats, Count_tckstats, absolute_motion, maternal_age",26,,0
SOCIAL_dprime,r_vta_r_hipp,NDI,94,-0.1049,0.91688,R,52,"ICV, Mean_tckstats, Count_tckstats, absolute_motion, maternal_age",26,,0
SOCIAL_dprime,r_vta_r_hipp,NDI,95,-0.1995,0.8428,R,52,"ICV, Mean_tckstats, Count_tckstats, absolute_motion, maternal_age",26,,0
SOCIAL_dprime,r_vta_r_hipp,NDI,96,-0.2428,0.80927,R,52,"ICV, Mean_tckstats, Count_tckstats, absolute_motion, maternal_age",26,,0
SOCIAL_dprime,r_vta_r_hipp,NDI,97,-0.3032,0.76313,R,52,"ICV, Mean_tckstats, Count_tckstats, absolute_motion, maternal_age",26,,0
SOCIAL_dprime,r_vta_r_hipp,NDI,98,-0.3296,0.74327,R,52,"ICV, Mean_tckstats, Count_tckstats, absolute_motion, maternal_age",26,,0
SOCIAL_dprime,r_vta_r_hipp,NDI,99,-0.3704,0.71283,R,52,"ICV, Mean_tckstats, Count_tckstats, absolute_motion, maternal_age",26,,0
